accession;AAAAAATx2;CATTCx4;CATTCx5;CATTCx6;CATTCx7;CATTCx2;CATTCx3;CATTCx8;CATTCx9;ATTCCx10;ATTCCx11;ATGGAx9;ATGGAx8;ATGGAx5;ATGGAx4;ATGGAx7;ATGGAx6;ATGGAx3;ATGGAx2;TGGAAx6;TGGAAx5;TGGAAx7;ATTCCx5;ATTCCx6;TGGAAx4;TGGAAx3;TGGAAx2;ATTCCx2;ATTCCx3;ATTCCx8;ATTCCx9;TGGAAx9;TGGAAx8;AATGGx10;CCATTx2;CCATTx3;CCATTx5;CCATTx7;CATTCx10;GGAATx10;AATGGx9;AATGGx8;AATGGx3;AATGGx2;AATGGx7;AATGGx6;AATGGx5;AATGGx4;GGAATx7;GGAATx6;GGAATx5;GGAATx4;GGAATx3;GGAATx2;GGAATx9;GGAATx8;GAATGx10;TCCATx2;TCCATx3;TCCATx6;TCCATx7;TCCATx4;TCCATx5;TCCATx8;ATTCCx4;ATTCCx7;GAATGx3;GAATGx2;GAATGx5;GAATGx4;GAATGx7;GAATGx6;GAATGx9;GAATGx8;TTCCAx2;TTCCAx3;TTCCAx4;TTCCAx5;TTCCAx6;TTCCAx7;TTCCAx8;TTCCAx9
SRR7171680.fastq;38729;7374;6702;6315;5882;8413;7402;6088;5630;5830;5616;5151;5603;6435;6798;5549;5535;7000;8009;7184;7322;7053;7670;7538;8170;11495;11943;13215;9291;7455;6730;5938;6249;5512;6179;5766;5365;4744;5018;5979;6287;6421;9128;15188;7171;7781;8062;9114;6516;7104;7081;9319;7927;8941;5416;6235;5393;9547;7561;5843;5910;6674;6596;5590;8697;6947;10099;12061;8765;10060;6503;7738;5577;6222;10657;8913;7884;7148;6567;6539;6126;5458
SRR7171678.fastq;41171;6501;6055;5603;6239;6806;6005;5462;4835;5381;4617;4599;5305;5917;6101;6032;6448;7717;8737;6083;7080;7654;6992;6594;9242;9184;11141;8431;7840;6345;5899;5535;5485;4128;6959;6179;5654;4969;1463;5881;5813;6393;10060;10848;7231;6262;6665;8679;6753;6212;6156;7208;6909;8246;6848;5586;3898;8003;6567;6411;5426;6529;5745;5727;6720;6297;7740;9315;6703;9968;7617;6886;5772;5199;7559;7778;7338;6942;5636;5858;5328;80
SRR7171682.fastq;60263;9084;9812;8400;8592;10670;10153;7782;7359;8526;7309;9049;9536;9682;8878;7475;7566;10885;12727;10233;10369;8722;10023;9270;10644;11205;12367;12547;11135;9124;9024;9335;8501;9627;8566;7958;7707;6474;7068;6398;8350;8632;12522;14248;9245;9205;11581;10564;8270;8943;9310;10208;9787;10434;8023;8853;9441;11946;9561;9415;7807;9897;9164;7425;10394;9601;11921;15413;10063;12242;8114;9762;8918;8672;12783;11270;11371;11010;10304;8245;8164;8476
SRR7171675.fastq;92343;20833;17841;22667;16565;23040;21020;16191;14484;16820;15534;15838;15083;20215;17399;18294;15485;21471;23219;16349;21253;16771;19987;18569;19292;21882;22442;22383;21550;20527;16142;17507;13945;7463;22244;16673;16093;18790;5795;15642;15387;17036;19879;20902;19667;18471;19144;18422;16299;18245;18623;19450;17782;19095;17733;15338;13013;20596;17890;17242;19391;17566;18869;16044;21823;18672;18196;21362;19509;20384;17144;18353;14788;16879;21971;19568;19830;18127;18009;16987;15191;14690
ERR1602651.fastq;75313;148961;110829;98713;90733;264799;165394;87313;82683;85843;80335;81135;85540;104316;122509;87761;91783;150924;244437;107651;124854;96901;131819;116696;156426;205004;321797;395989;222832;99916;94218;87953;93826;84313;207132;130316;97298;84315;78950;83850;91761;100716;231054;448382;103438;112509;134579;185394;100003;107721;123786;173926;196972;333389;90311;95471;81028;300359;160304;93081;87225;128634;107683;85468;179339;106628;212279;373407;127561;180806;97946;107929;86493;93333;271887;163686;134546;109041;95773;88883;86480;81755
SRR7171668.fastq;80154;38124;36354;36028;35827;39884;37958;35296;34535;35194;34572;33693;34283;35060;35805;34691;34783;36142;37661;37303;38005;36570;37447;37066;38603;40975;43411;43109;40076;36501;35869;35434;35939;34837;35512;35003;33982;33846;33769;34224;35387;35901;39202;43253;36120;36478;37345;38162;35355;35725;36210;37255;37019;38476;34939;34971;33747;40573;37731;35611;35130;36942;36396;35264;38875;36548;38067;41232;37098;38399;35768;36312;34605;35534;43141;39806;38928;37709;36667;35981;35643;34917
ERR251402.fastq;236545;576307;400528;353702;314080;889286;598931;301927;278029;298023;263481;265247;282628;361963;434681;291544;310308;513513;847122;363940;423405;325156;531255;457204;534772;691361;1000604;1434334;866918;371728;344928;285240;310001;269160;817300;501782;346534;290162;258039;271936;295655;328217;709908;1299453;339270;369581;439508;558699;342631;382025;419924;608537;612809;918547;301831;323780;259017;1049860;568680;321813;300164;466076;380989;287286;756764;395732;656910;1062767;415257;590098;316777;351996;278815;303048;882650;595334;533051;411514;338249;311259;296022;273783
ERR1602656.fastq;79280;163554;119865;106494;97213;266480;177496;92953;87965;93321;85787;85684;90853;110762;133188;92840;97814;162516;255852;117407;137891;105672;145891;126585;173649;230027;346232;423385;249310;108167;102409;94148;101634;89733;210342;137348;102246;89402;83536;89660;97976;107579;248137;472623;112660;121958;144568;204959;108634;117715;135530;191931;215874;349790;97556;103039;86447;306455;168781;99144;93836;140306;112837;90400;197044;116725;231949;378483;139643;202857;106697;118660;92470;100716;284707;180574;149833;119813;103026;96461;92743;87602
SRR7171662.fastq;44459;8283;7989;8068;6751;9601;8487;6708;6602;6563;6204;6410;6654;7915;7072;6276;6467;7509;9131;8219;7896;7465;8835;9665;8681;9804;11338;13177;10496;7714;7126;6549;7229;6395;7425;6926;6640;5271;6014;5999;6897;7190;9240;15041;7797;8097;8161;10467;7058;7596;7543;8536;8909;9587;6815;7401;5701;9528;8200;6616;6510;7562;7166;6429;10218;7635;10084;12903;7733;11119;6955;7674;6300;7298;11055;9414;9155;9068;7362;6989;6727;6381
ERR1602666.fastq;51551;107977;79312;70150;64425;188676;123354;61816;57451;59336;55071;55861;58749;71707;88797;59458;64378;107801;174298;76482;91017;68847;94697;83069;117152;157933;240136;264399;161534;70337;65943;61963;66427;57508;136463;89840;64156;57644;54557;57766;62490;69373;167311;303701;71540;78055;93846;129269;70883;76140;86310;124281;142759;219544;62878;66305;56164;197068;109769;63975;60061;89514;72593;58268;130291;74810;155736;258513;91074;129247;68460;76024;59850;65736;183564;115101;98169;77029;66968;62611;60155;56531
ERR251347.fastq;236543;602500;405375;366455;324054;859931;619013;308419;280892;304081;265449;266925;285857;367212;446115;298307;317977;519172;824905;369818;430401;330578;541263;474427;547064;689345;991693;1428878;896714;383971;356346;289128;315668;271973;805014;517160;353330;297811;258889;275155;301663;338901;727121;1295946;350953;382879;452066;585558;357103;394654;430522;641277;640290;964051;310125;333329;259700;1002110;576872;328596;307193;482364;386302;293759;773157;409761;660343;964587;428744;620984;326320;362144;282709;310282;869288;606696;547306;419383;344062;315800;302700;276266
SRR7171677.fastq;79635;38135;36826;36261;36021;39640;38175;35777;35342;35692;34218;34033;34348;35372;35807;34922;35067;36131;37371;37291;37960;36861;37935;37631;38945;40040;42275;43355;40265;36701;36546;35612;36441;35042;35007;34957;33499;33923;34468;34852;35457;36356;39965;43800;36236;36776;37421;38725;35842;36066;36381;37796;37176;38595;35407;35722;33584;40085;37885;35577;35887;37316;35981;35217;39165;37096;38430;40660;37241;38510;35926;36331;35107;35192;42910;40320;39270;38055;37026;36621;36306;35502
SRR7171667.fastq;76965;36912;35841;34785;34858;38688;37115;34581;33314;34015;32710;33015;33388;34194;34267;33532;33781;34822;36040;35887;36730;35456;36265;35707;37626;38344;40606;40708;38011;35508;35290;34304;35041;33670;34681;34367;32994;33181;32972;33415;34749;35216;37839;41536;35114;35269;36363;37343;34493;35078;35363;36434;36127;37267;33967;34471;32951;38562;36163;34926;34046;35631;35237;34231;37580;35914;36604;38972;35599;37064;34717;34978;33856;34554;40545;38247;37698;36491;35754;35400;35009;34345
ERR251379.fastq;326290;862912;571847;512807;456726;1206147;871157;434106;394791;429111;373011;374926;402351;509082;629342;415806;445906;731057;1144332;516317;607422;460026;762797;662152;762587;955027;1386333;2003948;1266713;545647;505217;403321;441221;384911;1125537;732432;497761;418176;363306;386526;425926;480361;1016687;1826693;496626;545317;639732;856652;500976;558907;612157;915592;910332;1406368;436386;471216;366406;1399973;827487;466731;433111;688227;542057;415906;1083697;576442;917227;1284658;606182;889612;459266;516772;395591;435876;1262778;868742;770782;601122;485506;442791;424996;388971
SRR7171666.fastq;65907;24003;21934;23949;19262;25642;23574;20784;20013;17962;9069;15829;17570;19037;22376;18806;21433;23430;24280;22509;24374;23174;23026;22868;25464;26520;28557;25888;24705;22681;22750;14040;21025;16535;20185;18870;17462;17354;15667;18296;18698;19842;26077;31275;24087;20352;23692;25091;21497;25037;20298;23860;24636;25160;17138;18242;13285;23253;21816;18634;18016;21310;21256;15398;21993;20239;23638;25548;23796;24859;22957;22175;17192;17747;25706;22573;22234;21084;21673;21614;19380;16373
ERR251346.fastq;237776;583995;400082;357071;316720;883690;598708;303745;279936;303322;265809;267327;285325;362350;439687;293581;315782;518083;852571;362262;423615;325651;530661;458099;537019;681335;986795;1441527;883682;377660;351048;288202;311864;270878;817483;502165;350810;292553;259973;275925;299324;333439;717673;1314134;345235;374433;439459;570409;349478;386438;424563;619851;626174;943922;306558;329531;260221;1048493;571807;325878;301089;479582;387576;292195;768725;399319;667757;1061106;426686;612078;322993;358664;282099;306806;883304;600741;539446;415685;343572;313344;300997;276393
ERR251327.fastq;156296;391810;267269;237901;212760;582146;409499;203167;185486;199958;175518;176792;189035;237867;294242;195054;208416;346381;539061;247616;292148;219889;354261;302737;372985;476622;694139;943733;596965;251260;232682;192610;209626;179212;526946;346126;231258;196354;170956;181461;200193;222529;477817;831559;230368;246691;292868;394124;231438;254970;283219;412693;426918;653849;201932;218044;172140;653260;387360;216110;201673;321012;250841;194319;505212;266195;430898;629835;283293;403614;214670;237862;187026;203147;595060;410598;358975;278049;226493;208301;199494;183636
ERR251377.fastq;235573;576413;402411;350809;316705;953315;608288;301602;277557;295309;260958;263721;280443;353703;428518;289431;307367;505122;839134;358755;419546;322034;513174;440126;531343;687022;1022729;1423022;850651;367814;341165;283875;307939;268414;822557;500905;343257;289718;255732;269608;294412;327218;688339;1287440;338883;365527;432159;568155;338461;372375;409990;600454;606331;955147;298003;321737;256946;1102438;574362;323591;301220;474338;380717;292005;733266;388294;649925;1085396;418264;595225;315928;352971;278894;301769;921478;595542;520516;406328;335004;309041;296471;272250
ERR1602661.fastq;74097;147518;108563;97193;89343;263989;162275;86257;80942;84243;78851;79551;83561;101262;118572;85385;89588;147840;238940;104084;120790;95059;128918;112500;150153;199383;309374;387521;219660;98050;91995;85447;91425;82771;204176;126747;95111;83413;77660;82369;89495;97813;228453;440398;101060;110423;129661;181211;98768;106744;121392;171037;195466;334141;88876;93334;79825;298367;158280;91582;86324;128454;105379;84270;172354;104132;212118;372539;126594;182754;97456;107236;85754;92147;263127;159437;128631;106301;93571;87313;84667;79690
ERR251329.fastq;217506;532726;369537;325496;291773;797297;554665;280478;257990;277916;243884;247653;264162;336045;408194;272161;290527;474580;753901;335514;394278;301210;490028;421037;496629;626796;928624;1319767;818388;348962;322830;266725;288895;251851;718940;463344;320548;272588;238444;251595;280242;312329;654532;1186905;322639;348446;415355;550743;318021;352378;388764;562377;581784;900042;280484;302558;240367;923953;532535;302452;283046;443983;352920;272392;690813;367941;595610;884586;391616;554004;297979;331457;260346;285042;828429;558276;487567;381273;312445;288058;277715;255629
ERR1602667.fastq;62963;124415;92925;82636;75676;233533;142201;72401;68624;71646;66625;66967;70156;85584;102679;72354;76303;127117;205564;88828;106303;82910;109027;95365;134285;183965;287174;340263;192945;82823;78009;73862;78056;70077;178383;110234;80677;70084;65842;69093;75028;81851;193252;372395;84537;91363;108885;152627;82363;89629;101477;143128;170876;280857;74551;78803;67381;264830;139544;77725;73350;111186;89240;71827;147340;87531;188117;331616;106171;155319;81214;89347;71728;77842;233086;137897;112068;91231;79060;74109;71825;68281
ERR1602660.fastq;68567;136924;100724;87723;81822;265128;155866;78824;74839;77350;72316;73053;76168;92866;107386;77774;81965;134757;222458;95648;112861;88067;115663;101177;140366;186642;303888;377529;199304;88527;84371;79361;84643;76473;199989;119370;89072;75846;71355;75403;82567;88415;206226;407922;91014;98297;116608;162325;87910;95156;110469;151823;178880;312950;81025;84266;73401;299535;149866;84359;80213;119895;98245;77747;157803;93973;199472;376237;116190;164487;88774;96440;78166;84249;261266;146724;119447;97738;85131;79858;77724;74120
ERR251380.fastq;325137;861226;570226;511551;452111;1197356;865636;431506;392511;426171;371286;372411;397351;505566;621376;413931;442651;726676;1141671;515596;605031;456876;759841;657851;759071;959806;1384786;1987821;1265906;542956;501821;402211;437701;382711;1123686;735171;495096;415731;360706;382481;424906;473631;1014426;1819726;494651;541531;634361;853041;496516;553226;609681;908546;901891;1401176;432506;468846;362801;1391056;821356;463131;430371;686331;539851;412656;1068021;576001;922581;1282116;603391;893876;456531;512561;394746;429726;1257781;864176;769051;596386;487026;440556;423491;386916
SRR7171683.fastq;54605;10678;10716;8328;8154;10655;9551;7326;6711;7065;6995;6888;7878;7534;8290;7771;8740;11348;14521;8618;9429;8997;9717;8936;10156;13975;14979;12758;10420;8808;7242;7963;7219;7149;8656;8466;6818;2729;7019;6032;7855;9157;10572;13936;8557;9830;9589;9936;8413;7832;8389;9353;10103;10314;7303;8595;5893;11556;9513;7510;6972;9391;8974;7595;10020;9065;10397;12375;9255;10459;8237;8115;6772;8062;11962;10859;9868;9134;8366;7916;8001;7487
ERR1602658.fastq;81176;158665;117039;105486;96930;281880;173089;93828;88993;92290;86532;87131;91076;111385;129975;92795;98478;161678;264175;113607;130368;103737;140259;123807;163896;219331;338676;427799;236939;107486;101805;93046;99911;90738;223274;139146;103785;91199;84973;90226;97335;105934;245262;483777;110352;119172;142793;195215;108119;116446;131101;185627;209013;355414;97082;100924;87228;336713;171711;100146;94651;140487;115486;92432;190905;114375;227826;411351;135079;193553;104463;115148;92988;100033;281093;169049;140770;115649;101632;95212;92062;88014
SRR7171663.fastq;59279;28778;20233;21983;22042;24960;23666;22673;15886;18436;9047;14415;8506;21495;21061;18381;23528;20888;25347;25491;22880;22249;23855;24360;26191;26724;29367;27102;25169;22560;22747;19755;21618;16983;20297;19997;19873;16329;18322;4664;19465;19292;25228;28554;23469;21564;23385;24484;22954;23316;21756;25625;24861;26092;18780;19125;16221;24296;22619;20765;19933;23592;23123;18032;24113;21297;24762;28175;24708;24619;22821;21929;20411;19691;26874;26265;23924;22367;20356;19637;23197;17978
SRR7171676.fastq;59837;60171;46990;42122;37699;85872;62289;35787;32892;37733;31364;30569;32366;38585;43054;32623;35624;51045;70576;48129;56699;43243;65313;57432;69452;91219;126294;168770;104821;49101;45271;35595;38784;32162;44760;36516;31673;29947;29701;30573;36988;40475;86091;156347;44868;48397;58280;72970;37111;40569;44316;59663;54530;74816;33016;36709;30031;104198;59419;37786;34981;53801;42151;32579;87835;51909;73198;118830;52428;75360;39517;44312;33110;37670;127128;82374;73412;57193;45162;40718;36680;33248
ERR1602657.fastq;75929;148995;110858;98826;91381;269482;166365;87318;83105;86874;81175;81866;85798;103981;122051;88050;92637;152237;248683;107560;125725;98799;133354;117299;156954;210855;329597;414313;229939;100590;94830;87735;94421;85111;209488;130325;96737;85004;79537;84387;92455;100737;234601;452755;104128;112080;134968;188509;101119;109684;125188;175683;203081;344529;91588;96585;81938;315955;165173;94903;89554;132237;108125;86502;180615;107933;219357;385591;127963;184702;100138;108612;87191;93969;269105;162556;134061;110086;94798;89302;86485;82197
ERR1602650.fastq;71529;141923;105301;93537;85946;251753;157928;82585;78399;82182;76033;76592;80856;98869;117004;83284;87015;142285;231406;103095;121433;93599;126686;110187;151587;200912;312134;380575;215382;95287;90083;83406;89821;79997;193590;122287;91373;80514;74870;79930;86773;95198;222004;424672;99171;108470;128038;177001;95220;104157;118076;167180;190168;320101;85859;90656;76939;286722;154184;88762;83840;126394;102570;81923;169127;101878;203489;351338;121870;176309;94446;102722;82602;88889;261915;157496;130846;105174;91925;85817;82045;77955
ERR251403.fastq;274572;698318;472935;419528;373840;1005762;719202;354301;325858;352195;308565;310263;332007;423099;522698;342781;369442;603318;962669;427187;501734;380301;627221;541274;636392;809832;1170810;1660141;1044585;442955;409360;333795;362678;318089;928456;601800;407764;343319;301208;319052;353413;391700;839105;1516398;407386;444761;526081;701256;408652;455674;502392;731078;744461;1144599;355099;384107;301175;1167092;673250;380644;357872;562642;444273;342108;883488;471322;755569;1091461;499976;717774;375898;421146;327041;358285;1054248;719910;635444;489683;399698;364921;350482;320455
ERR251325.fastq;239861;600596;411140;361302;322237;883566;617817;308140;283055;303893;267253;270100;287746;365509;447630;298816;319106;520595;821786;367549;437805;332074;546768;466487;543482;688972;1005006;1448294;907897;383596;353044;291168;315648;276062;802060;518779;353485;298720;261008;276822;303667;339881;727128;1298558;351708;380440;452486;600305;356211;391763;432013;635214;645915;996750;308064;333275;263485;1027027;588569;332058;311947;488788;391437;297074;773114;405154;654286;968734;431552;619363;325208;363448;282399;309771;910818;616446;542841;426596;346577;318099;303868;279513
ERR1602664.fastq;82952;166595;122439;109543;100897;295209;185331;96498;90975;94272;87907;89043;93789;113247;135515;95703;101455;165697;269951;117527;137178;106777;143959;127399;171187;230920;354442;426311;240711;109776;103498;95540;103651;92473;216857;139275;104232;92271;87077;91608;99687;109050;254768;493088;113104;122786;147401;201612;109318;119250;134542;192409;216530;357990;100234;104069;88916;332675;174655;101788;96591;142336;116319;93601;196246;117765;237968;420943;140003;200284;109440;118828;94997;103195;297542;181248;149109;120626;105784;97909;94819;89391
ERR1602649.fastq;75035;151758;110862;100135;91099;272200;167507;87768;82682;86164;80132;80586;84485;102799;121276;87156;91613;147901;239611;106304;124610;97256;131109;115149;155780;206490;317935;396811;221957;99853;94020;87003;93475;84208;208042;130812;96824;84857;79063;83876;91486;99840;229134;447894;103951;112429;133478;185398;100472;109262;123218;175579;197673;337507;90547;95256;81001;304178;160347;93683;88435;130022;107273;86047;177046;106551;215449;376004;130170;189276;99613;109680;86896;94267;266813;161229;133066;109215;95084;88884;85279;81492
SRR7171664.fastq;64557;30456;27063;26620;25643;33318;29775;25209;24439;24916;24385;23754;24330;25983;26785;24601;24422;28605;31334;27046;28271;25700;29907;28717;30059;32542;36267;42614;34550;28179;26074;24735;26020;24222;26692;25626;24784;23704;23558;24064;25333;26583;33641;44501;27213;28343;29626;31708;25350;25407;27155;28829;29153;32674;24822;25517;23364;34363;28495;25005;24698;27325;26206;24879;33031;27874;31935;37964;28532;32200;26546;26822;24549;25594;38037;31992;31541;28046;26394;25500;25172;24948
ERR1602663.fastq;72521;143481;107148;94141;87726;253223;159503;83886;79809;83189;77412;78092;82194;100521;117893;84024;88879;145178;235815;102491;118271;93684;127728;110201;151271;200840;312775;385303;215610;95556;90439;84859;89874;81522;197588;123693;92796;80694;76029;80612;87599;96456;224258;431405;99773;107496;128833;177858;96174;105056;119523;167875;191550;320948;87021;91556;77874;296198;155403;89521;85111;125421;103493;82501;171053;102303;208628;368955;121386;175415;94314;103996;83146;89941;260610;156986;128681;105013;91904;85929;82519;78759
ERR251342.fastq;235582;590610;402263;356302;318984;873419;612296;304805;280031;299719;264548;266690;287082;366348;448567;296355;317957;518338;842172;364416;429055;328475;536390;465216;543212;680114;995102;1431401;899503;379772;352535;289019;313593;271359;797675;512326;349456;293933;258565;274322;298742;335535;719286;1292584;349059;378960;451189;577673;350008;386581;423536;624483;626350;950560;304398;330023;260957;1002964;574391;326543;305037;478053;382534;291166;769663;406010;662587;1012027;426593;611819;324366;359389;282398;307924;889761;607872;543844;420507;342727;314535;301646;278219
SRR7171674.fastq;81729;39459;37973;37359;37143;40743;39891;37057;36170;36377;35695;35189;34794;36735;36957;35852;35791;37516;38792;38104;39304;37777;39610;38767;40001;41921;43771;45462;41509;37712;37480;36801;37395;36074;37113;36458;35766;35518;35670;35634;36700;37208;40808;46038;38169;38285;38686;40282;37002;37581;37833;39208;38521;40517;36664;36826;35422;41640;38958;36901;36256;38410;37666;36281;40883;38581;39495;41880;38465;39846;37430;37747;36422;36578;44987;41555;40622;39409;38224;37938;37274;36775
ERR1602653.fastq;51299;107359;77959;70329;63645;175934;121463;60987;57108;60611;55124;55474;58947;72588;89178;61039;64648;108086;172917;77522;91813;69748;97490;84236;119831;160047;236876;271430;169175;71440;67092;61368;66689;57481;138742;91271;65447;57818;54023;58160;62891;68801;167489;302781;71961;78646;96003;133593;70813;78692;90075;129374;146688;222909;63453;67065;55422;200663;113167;64252;61291;92105;72990;59083;134785;76604;153385;249668;92892;130156;70776;76542;59515;65155;180741;118199;99902;79684;67739;62229;59717;56266
ERR251401.fastq;237260;581543;401570;356839;312968;901801;602487;300240;277082;295866;262684;264901;282131;360465;436948;290102;316339;521039;856967;365737;423691;323966;532641;462230;537112;698572;1015644;1435609;873184;368173;340714;285163;307732;266778;828161;507098;348036;289115;257639;270650;293388;327410;710778;1304618;338656;371829;440989;559780;341565;384432;422560;611488;622964;928043;300203;323977;257158;1063822;570066;324233;297207;472652;381241;286954;757570;391043;662701;1058310;415766;594634;312792;356053;278049;302296;896360;600975;540229;415792;339997;309174;295694;274016
ERR251404.fastq;274403;697915;472591;418912;373320;1010842;717181;356267;326010;351464;308973;310221;331859;425783;520011;344536;369763;600765;954690;430346;508633;382461;626643;542807;640754;812178;1182625;1662026;1037950;442714;409352;334802;363964;318582;924117;597087;405901;343158;299999;319750;352371;393355;838911;1515208;409359;445657;529174;699498;409264;456693;502385;734924;744757;1141974;357736;386267;302159;1166977;678792;382469;356770;565995;446895;340940;886549;473658;754035;1091841;497404;721119;375858;422295;327543;357708;1052523;721786;637376;494546;402873;365877;352389;320598
ERR251326.fastq;241506;602875;410090;366031;325541;888572;620037;308273;285503;306106;269286;272253;290971;368943;452880;300699;321060;526515;834256;371204;440429;332058;547348;472022;546607;693292;1014032;1461185;910134;386285;355532;293741;318893;277870;810750;521124;356234;299783;263151;279426;306282;343200;733878;1324039;358775;387626;456471;605151;356033;395753;436153;642099;655145;1007656;311625;336414;265648;1028093;589289;333243;311229;488028;392582;298642;775489;409924;662256;982465;435932;630433;327992;368682;285889;311971;908953;620683;544016;428356;347491;318832;304455;280712
SRR7171672.fastq;81864;18955;16231;16873;14813;19521;18697;14769;14725;14582;12948;12859;8245;15177;16611;15133;14537;16828;18143;17381;17198;15222;17778;16448;16503;18475;18099;21271;19894;17475;15694;15089;14075;16350;18777;17535;13799;12328;13622;12239;14680;16306;21823;20952;16404;15793;18227;21345;19437;15562;17080;19134;19840;20562;15320;14405;16044;17950;16927;15463;13489;15946;15837;13853;17886;17337;17832;18420;17723;19292;15606;17253;13401;15419;20049;18831;21569;18292;19030;18623;14912;13356
ERR251348.fastq;233267;592483;403639;358789;317232;849780;609946;301691;276371;299000;260988;262014;280865;361995;439608;291674;313086;508004;814859;363872;428396;324452;541764;462786;541098;683838;980603;1412006;888898;375374;346640;283487;309242;266472;791857;512685;350501;292011;254307;270063;294597;332864;712385;1284510;345917;375108;450690;575932;346613;387297;429247;632114;634975;951036;302724;325383;255094;978992;566981;320885;301803;472222;380211;287608;763661;404555;654767;946639;425994;612343;319344;358273;277293;307071;858851;599920;536912;417591;339046;309488;297669;270635
SRR7171665.fastq;54625;25414;24541;23952;22821;25948;25459;22382;22218;22342;21062;20768;22616;22920;23105;22108;23030;25369;26113;23833;25200;23633;24965;24706;25908;28501;28221;30635;26962;25669;23314;22023;22507;21635;24287;23873;22268;21211;20081;21680;22063;23698;25813;29455;23997;24755;25719;26652;23145;23234;25005;25868;25294;27212;21904;21989;21336;26453;24506;22651;22417;24127;23573;21954;26712;25125;27132;27286;24336;26562;23354;23743;22886;22696;28666;26228;27022;24800;23529;23793;22467;21416
ERR251378.fastq;235297;575741;402793;350393;315069;945829;604424;300575;276332;295216;260939;262640;280676;354049;428480;288724;308300;505880;838203;355181;420889;321567;511082;444169;529056;685465;1027473;1419691;851340;367060;340627;284725;308647;268196;833656;500748;340669;288587;255246;269093;294162;326634;690697;1292954;340415;366618;431772;569293;338753;372732;410602;596052;607536;952241;298608;320028;256285;1090452;570820;320335;302814;472681;379499;288966;727624;389581;652518;1082895;421131;594303;316071;350246;277264;301607;920807;595115;523844;405905;336701;307066;294704;273295
ERR251328.fastq;154794;387296;265459;233588;209862;578315;407060;199931;183576;197762;173915;174954;186690;235057;292715;193978;206179;338829;530406;243096;286866;219936;351428;302490;370427;469202;681943;935612;594954;248555;229778;190580;208498;178283;520851;341154;227030;193484;170233;179713;196593;217726;468368;820487;228304;246331;288651;387536;227269;251445;277308;409854;418614;645488;199212;214487;170443;647293;386252;213322;201555;318940;247096;192569;496922;263029;423838;615294;278227;398835;209738;235527;183572;200581;593795;411644;356763;273993;225095;206299;196878;181982
SRR7171661.fastq;34091;7693;6162;6517;5597;8489;6753;5342;5375;6245;5134;4873;5225;6056;6119;5756;5388;6323;8134;6033;6994;6564;7244;6277;9392;8677;10788;11195;9153;6376;6441;5877;5590;5207;6015;5486;5250;5423;4690;5093;5547;6926;10607;14171;6459;7292;7300;9231;5963;5869;6149;7327;6592;8292;5811;5415;4780;9299;7206;5683;5349;6408;6285;5281;8705;6695;9449;11628;6865;8945;5904;7605;5334;5459;10650;8768;7686;7886;6141;5773;5436;5273
SRR7171669.fastq;72262;35568;34471;33064;32727;37223;35785;32249;32403;32766;31161;30922;31424;32489;32896;31080;31876;33294;34702;34038;35172;33617;34845;34447;36209;37542;40156;40505;37006;33424;33543;32693;33220;31713;32790;32036;31008;29997;30827;31616;32644;33351;37199;41547;33822;33916;34618;36063;32538;33161;33699;34796;34304;36160;31925;31842;31137;37756;34555;32833;32345;34147;33375;33030;36562;33763;35230;38533;34206;35676;32872;33122;32104;32466;41028;38025;36308;35314;33964;33655;33328;32070
ERR1602654.fastq;53843;113463;83031;73230;66806;194820;130085;63744;59536;62883;57405;57697;60901;75012;92081;62551;66520;111514;179607;79589;95098;71835;98226;85852;122756;163075;247170;274519;168818;72923;68998;64161;69562;59232;139851;93584;67353;59329;56575;59739;65018;71982;172170;315130;74945;80384;97139;133186;73402;80322;90954;129263;149158;225804;66103;69225;58285;202957;112476;65786;62423;92752;74264;61192;136080;78615;163257;262362;94001;133818;71463;79512;61769;67935;185168;119814;100913;80075;68766;65159;62454;59055
ERR1602668.fastq;77637;158218;114768;103477;94622;262409;172781;90459;85726;90836;82940;83651;87916;108157;128583;90229;96062;156316;249282;112908;133291;101872;139918;123545;166978;222751;335032;409739;239806;105045;99839;91149;98179;86718;205536;132578;99092;87006;81810;87138;95029;104832;245004;461407;108610;117010;140981;198059;104640;115298;131760;186856;211389;341664;94614;100417;83570;297949;165631;97039;90729;136486;110192;89524;190269;112840;223144;365997;134548;195846;103210;114325;89986;98167;279237;176334;144478;118033;100835;93562;90426;85143
ERR251344.fastq;193049;476429;328347;289910;259681;730503;518582;250128;229043;244720;216588;217239;233736;290766;359297;240262;257456;424904;657082;301442;355951;272026;434955;374567;464053;593655;868437;1167938;749174;308064;283634;241323;260632;219311;652706;428360;283849;240598;211446;222957;241879;268920;582829;1013183;282678;301648;355715;458707;280607;310630;343938;503705;525163;779880;248077;267294;212787;788801;472118;263268;246896;386488;304004;238151;622205;324016;557073;821051;347535;495200;264859;297387;232305;253374;744438;506206;441851;337867;281637;256565;247666;227878
ERR251343.fastq;196255;484617;334149;295922;266599;737171;526640;254024;232354;248826;220494;221350;237566;296408;367574;246375;260986;428517;670746;308300;360048;275297;442358;381055;468466;601998;872951;1189133;755988;314732;289666;245424;264433;223566;664895;434333;291836;244373;215466;226542;246129;275413;593488;1028857;285713;307009;361414;467520;285764;315638;351481;507829;537051;791664;252843;272901;216627;800659;476956;268174;250908;390731;309481;241877;625689;331953;560797;832915;351681;498983;268310;301019;235075;257825;747257;516014;450914;344890;287310;261862;250512;232328
ERR1602652.fastq;84762;173575;125734;112924;103605;307367;192876;99196;94020;97082;90308;90780;95914;116349;139390;98633;103467;170372;280972;121515;141893;111282;147284;131345;177033;235761;363711;435386;247821;113046;106154;99344;106496;94358;226568;144189;107709;94434;89287;94416;102845;112163;260804;504824;116972;126667;151187;206587;112626;123086;138702;197519;220595;361898;102462;108097;91941;342330;178541;105758;99601;145086;119395;95786;199912;119927;244799;424434;144181;206080;111705;121968;98073;105986;303955;182939;151835;124374;108515;100699;97520;92004
SRR7171671.fastq;96682;17103;16549;15108;15834;17928;17420;12644;14289;13722;14196;8039;13675;16235;17589;14773;15788;18404;19273;16189;16292;15891;20412;17636;16944;18169;19017;22397;20917;16605;15257;17189;16040;14727;18107;15937;17881;13258;4419;14680;15211;16143;18961;23588;17000;16451;21237;22175;14531;17769;19216;18583;18808;19083;15695;13825;11577;21759;16897;14969;14922;17236;14876;13165;19592;16348;20326;21110;17825;19374;18716;20614;15993;13871;19793;18650;18461;16405;18031;17292;13778;12933
ERR1602655.fastq;64680;130577;96200;84491;78472;242053;148923;74996;70589;73768;68550;69136;72498;87547;105626;73890;77303;129855;208968;93321;110293;84795;113415;98519;139969;188040;297579;348968;198409;85919;79780;76274;80473;72206;186298;114466;83887;72099;67939;71480;77575;84623;199636;383350;88089;94528;113862;156722;84967;92375;105929;147146;175876;290822;76821;80406;69688;272405;142363;79867;75812;114069;92238;74092;153115;89721;191952;342636;109871;158459;84209;93017;74304;80249;239351;141381;116388;93054;81900;75578;73330;70033
SRR7171673.fastq;76298;37733;36337;36070;35402;38827;37948;34997;34464;35219;34002;33322;33825;34825;35464;34219;34741;36305;37194;36799;37776;36567;37686;36704;38553;40067;42229;42941;39462;36170;35913;35160;35511;34267;34923;34778;33761;33267;34030;33511;34683;35756;39540;43439;36043;36625;37101;38278;35324;35951;36123;37628;37054;38647;34636;35267;33130;39934;37404;35045;34890;36872;35828;34511;38580;36530;38235;40677;36677;38490;35978;35719;34406;35594;41991;40134;38730;37591;36772;35866;35681;34571
ERR251345.fastq;235432;574950;397038;350523;311518;868973;592533;296903;275611;296976;262775;264367;281419;362027;437200;290830;310240;515388;841750;356799;420616;320076;535209;448420;531661;679779;983569;1425560;870396;368694;346091;283552;307690;265953;808482;501866;345333;288687;254646;270716;295251;328252;714442;1311857;340332;369107;439917;564927;343950;378565;421547;610771;623424;931241;300104;322819;255831;1032369;561499;317889;298389;472063;379798;285600;755900;392510;654636;1029892;420654;596845;316066;353001;276039;299812;873993;598523;535502;414374;334925;307527;294388;271388
SRR7171679.fastq;35687;5926;5499;6267;4937;7621;5820;4828;4612;6352;5080;4435;5964;6012;6523;5236;7401;8421;8495;6090;5595;5267;6249;5550;6118;6621;7543;8048;7147;6030;5223;5155;5142;5373;5345;4847;4267;4492;4099;4599;5210;5116;6301;8603;5314;5517;6067;7288;5711;5391;7124;7879;7424;7995;5913;5851;4408;6786;6375;4878;4909;5646;5020;5734;8841;5885;7045;7917;6319;6735;5448;5197;4382;5569;6804;6768;6054;5787;5425;5184;5254;5098
SRR7171670.fastq;77791;38192;37297;36404;35735;40304;38532;35862;35087;35321;33754;33301;34510;35608;36345;34316;34854;36577;38279;37346;37752;36821;38083;37385;38969;40816;42533;43805;40135;36920;36473;35389;36208;34708;36144;35657;34452;34481;34394;33697;35360;35968;39435;43697;36615;36984;37683;39093;35696;36076;36247;37920;37644;38940;35204;35774;33822;40672;38241;35901;35930;37161;36654;35233;39786;37013;38746;41275;37072;39282;35823;36772;34767;35521;43746;40398;39513;38423;37230;36713;36115;35126
ERR1602662.fastq;69119;137998;101194;91062;83219;245812;151516;80567;75911;79619;73703;74362;78148;95297;114020;80303;84352;139530;227055;98681;115387;89618;123357;106837;145597;194237;301803;373255;209716;91784;87595;80370;86353;77361;188530;118788;88706;77234;72161;77012;83688;91831;215218;410557;95245;103285;124139;170561;92238;100697;115714;162075;187488;314921;83860;87982;74185;281491;149649;86306;81271;121925;98818;79230;166882;98429;198384;341123;117086;170044;91030;99120;79572;85409;258009;155728;127451;102076;88449;83276;79916;75155
ERR1602665.fastq;50475;102088;75901;67629;62061;170893;117787;59327;55534;58698;53806;54673;57626;70592;85906;59614;63047;106546;170081;75982;91290;68418;95544;82220;115830;158831;236010;263999;166350;69993;65022;60731;65179;55907;133646;88877;63923;56488;53428;56284;61419;68639;164633;297681;71363;76776;93377;127127;69361;76014;86838;123533;140597;215079;62315;65830;54557;189657;105329;62213;59315;88035;70475;57360;130909;75007;153759;246947;89364;126450;67896;75769;58992;64690;177125;115203;97421;76993;66237;60903;59134;55320
ERR1602659.fastq;66424;140864;102072;90429;82492;221922;155450;79001;74138;77376;71556;72188;76574;92868;113376;78539;82913;137220;217056;99287;116942;89778;124330;109019;147203;199125;289927;338558;210124;91736;87094;78741;84515;74355;180706;118706;85830;75218;70177;75875;81485;90317;217503;394465;94600;103921;124597;170708;93978;102214;116540;170314;193238;293519;82724;88266;72290;240729;138707;82796;78432;114813;93706;75917;170047;99804;202062;311511;118369;170426;90240;101320;77705;85387;219245;145156;124218;100113;87047;79848;77543;72542
