accession;ATTCCx10;AATGGx9;AATGGx8;AATGGx3;AATGGx2;AATGGx7;AATGGx6;AATGGx5;AATGGx4;GGAATx7;GGAATx6;GGAATx5;GGAATx4;GGAATx2;ATGGAx2;TCCATx2;TGGAAx7;ATTCCx5;TGGAAx5;ATTCCx4;ATTCCx6;TGGAAx4;TGGAAx3;TGGAAx2;ATTCCx2;ATTCCx3;ATTCCx8;ATTCCx9;CATTCx4;CATTCx5;CATTCx7;CATTCx2;CATTCx3;ATTCCx7;GAATGx3;GAATGx2;GAATGx5;GAATGx4;GAATGx7;GAATGx6;TTCCAx2;TTCCAx3;TTCCAx4;TTCCAx5;TTCCAx6;TTCCAx7
SRR7171680.fastq;22;43;50;210;647;89;123;139;210;54;86;85;222;198;136;238;84;117;98;183;109;146;378;410;502;221;104;64;100;63;24;163;101;78;277;418;187;275;54;121;317;197;130;88;56;55
SRR7171678.fastq;11;24;50;452;559;110;42;68;276;73;40;37;109;223;281;192;156;89;94;71;63;346;341;597;244;172;46;26;58;33;41;78;31;42;163;354;71;442;153;84;148;166;122;87;19;25
SRR7171682.fastq;17;15;19;184;297;30;29;131;76;13;23;31;62;69;195;151;20;56;68;68;30;80;110;175;184;107;27;25;26;45;18;80;60;39;151;376;57;168;11;45;197;113;118;100;65;13
SRR7171675.fastq;10;4;12;57;101;55;28;37;28;7;25;29;48;37;242;90;10;58;117;150;28;42;151;183;182;132;88;6;99;19;9;229;103;29;25;123;49;83;13;26;155;50;57;23;21;12
ERR1602651.fastq;1660;2520;3822;22834;54554;4219;5539;8757;16171;3718;4842;7184;14498;37770;24787;32949;3267;8355;7340;15288;6150;11945;19033;36078;46907;21634;3706;2877;10856;5295;2370;27759;13253;4684;20094;43611;7735;15502;3419;4872;28793;13004;8753;5034;3103;2101
SRR7171668.fastq;46;53;83;356;780;98;123;190;257;52;76;103;185;287;218;497;126;199;247;327;169;299;540;795;769;444;123;82;255;114;80;425;244;126;251;566;170;281;78;112;770;419;330;221;134;87
ERR251402.fastq;7944;7630;11954;62761;141279;13424;17455;26759;42628;13871;19110;24153;49262;90546;81035;108035;11547;38975;24616;69001;29115;39442;60291;101475;159244;83671;17740;14176;44972;21573;10075;86649;47983;20935;55703;109753;23532;46808;10433;15116;85766;47505;39214;23035;13289;9700
ERR1602656.fastq;2245;2945;4391;25600;59494;5156;6557;9968;19082;4549;5918;8605;17116;40947;26764;34404;4104;10167;8961;17888;7255;14357;22866;40410;52059;25777;4479;3612;12833;6241;2831;28369;14937;5769;23156;45279;9225;18765;4258;6060;31121;15402;10762;6234;3705;2718
SRR7171662.fastq;24;44;64;253;929;112;140;144;386;55;96;93;181;290;243;284;87;214;122;358;296;197;311;485;705;388;105;60;154;130;33;290;177;99;343;673;106;460;46;102;454;272;244;239;80;48
ERR1602666.fastq;1376;1862;2925;18083;39206;3259;4266;6709;12193;3158;3970;5544;11421;26172;19165;22691;2843;6841;6272;12351;5042;10317;16631;29361;33119;17189;3073;2395;8897;4460;2160;21392;11278;3765;16291;32207;6280;12190;2784;3952;20600;10000;7378;4107;2553;1881
ERR251347.fastq;8032;7742;12219;58991;127558;13670;17513;25845;41931;14409;18930;23250;48644;87549;70777;92135;11217;36594;23236;64540;28540;37293;54437;90880;143583;79432;17644;14319;43973;20222;10433;74999;45962;20750;50942;87613;23037;46199;10705;15016;76126;44478;37321;21909;12840;9440
SRR7171677.fastq;60;48;93;391;791;91;121;157;268;66;77;93;194;256;154;399;122;204;204;312;178;290;397;627;744;414;115;103;218;121;75;360;220;140;243;447;148;249;70;93;696;417;321;212;138;109
ERR251343.fastq;5527;5239;8369;42456;89139;9473;11752;17579;28953;9478;12675;16516;33273;63704;50739;64668;8357;26256;17433;45908;19684;29054;43368;72420;106327;59879;12578;9895;30785;14659;7427;57862;35289;14424;38951;68127;16537;32325;7609;11110;58943;34150;27173;15810;9643;6920
ERR251379.fastq;9278;8973;14186;65650;143423;15746;20413;29469;50291;16162;21716;26824;55945;103061;77905;102448;12236;41281;26370;72084;31621;41262;59730;101139;160444;89654;20444;16568;50891;22958;11921;83840;51681;23398;56101;91376;26252;53452;12164;17674;89277;51450;42047;25767;14679;10586
SRR7171666.fastq;7;11;19;228;802;107;22;92;162;36;162;22;99;164;117;72;69;64;122;44;58;194;268;491;212;142;55;57;103;43;14;202;91;21;92;197;98;154;62;46;203;55;47;32;38;37
ERR251346.fastq;5827;5464;8568;43631;98097;9644;12305;18236;30189;10031;13400;16877;34700;64289;55949;73838;7859;26561;16791;48293;19937;27141;40313;68204;109731;58789;12599;10173;31428;14644;7045;58789;32771;14575;39074;74989;17070;33991;7617;10867;58755;32956;27362;16068;9493;6738
ERR251327.fastq;5070;5097;7718;37736;79355;8639;10556;15983;27892;8764;11528;14850;30075;58445;44941;58376;7408;23204;15899;40959;17143;25406;37596;63185;92554;51753;11092;8910;27620;12974;6571;50010;29700;12848;32216;55620;14858;29008;6795;9519;51529;29829;23758;14242;8184;6048
ERR251377.fastq;6268;6173;9660;48147;112037;10902;13739;20837;35336;10858;14468;18476;38777;76599;64228;92306;9109;29474;19493;52938;21686;31410;48007;83806;126497;65456;13982;11145;36215;17669;8542;76404;39611;16164;44051;90489;19357;38221;8460;12402;73009;38254;30256;18086;10490;7726
ERR1602661.fastq;1885;2774;4186;26417;62505;4738;6328;9600;18375;4348;5703;8195;16643;44412;28202;38321;3719;9474;8092;16867;6682;13089;21468;40195;53501;24920;4226;3198;12641;6012;2749;32467;15152;5260;23636;50950;9080;18637;4126;5787;32321;14669;9426;5628;3466;2404
SRR7171663.fastq;10;16;15;170;444;82;39;79;129;61;77;42;190;224;177;120;49;95;59;112;121;229;276;523;300;169;53;56;463;23;44;152;86;33;142;408;142;138;58;43;287;231;97;50;25;17
ERR1602667.fastq;1532;2061;3130;20637;48808;3551;4622;7375;14250;3210;4350;6211;12757;34413;22573;31893;3295;7397;6969;13419;5250;11367;19177;35406;43755;20589;3282;2528;9816;4867;2162;26971;12611;4021;19830;42395;6949;14673;3030;4306;26901;11935;7874;4601;2692;1917
SRR7171667.fastq;31;63;92;325;749;82;93;179;274;50;80;97;185;267;152;402;103;172;211;301;124;304;380;641;651;344;107;93;231;135;69;415;251;139;198;445;116;247;62;76;636;371;310;189;127;99
ERR251380.fastq;9194;9074;13732;65556;142774;15746;20233;29125;50088;15923;21353;26761;55405;102636;77756;101666;12128;41153;26316;70695;31377;41080;60319;101066;158893;89667;20369;16431;50872;22982;11673;83095;51293;23535;56750;91221;26160;54000;12096;17458;88889;51154;42035;25489;15016;10568
SRR7171683.fastq;6;17;59;124;331;36;90;77;94;31;17;31;69;113;365;180;53;84;71;98;52;104;332;394;254;117;45;7;128;129;23;128;76;56;117;230;64;118;27;22;204;137;91;59;31;18
ERR1602658.fastq;1752;2492;3755;24292;59473;4406;5703;9183;16912;4077;5302;7461;15499;40539;27082;37781;3433;8811;7353;16277;6386;12295;20469;38070;51216;23065;3984;3148;11524;5389;2433;29693;13650;4998;21721;48790;8047;16667;3539;5112;29577;13055;8885;5185;3123;2180
ERR1602660.fastq;1508;2315;3222;21548;52943;3625;4756;7603;14716;3144;4269;6649;13082;38159;24074;36072;3168;7457;7021;14012;5204;11300;18500;36749;48212;20471;3239;2595;10764;5134;2200;30716;13711;4085;20497;48011;7539;15052;3277;4468;30115;12289;8045;4670;2712;1896
SRR7171665.fastq;31;26;73;216;658;82;129;207;302;53;56;151;219;356;241;282;69;150;165;306;126;220;522;495;834;339;205;57;182;117;40;221;183;159;349;362;107;294;58;75;542;253;343;130;63;77
ERR1602650.fastq;2050;2854;4332;26626;62278;5029;6662;10101;18711;4335;5905;8351;16985;43882;28280;38011;4051;9864;8941;17327;6964;14243;22917;42481;54521;25462;4347;3435;12543;6105;2709;31859;15357;5505;23370;49377;9018;18590;4200;5653;33647;15282;10595;6083;3757;2687
ERR251403.fastq;9038;9181;13701;66636;146817;15556;19972;29591;50322;15704;21263;26789;53849;102799;81263;105461;12354;41561;26712;71890;31389;42645;63171;105900;163835;90960;19760;15787;49975;23305;11591;86364;52445;23115;56747;96508;26505;52277;11834;17181;92103;52528;42534;25287;14647;10538
ERR251325.fastq;9724;9691;15253;74847;162829;17072;21489;32572;55326;17763;23230;29423;60697;116357;89420;121018;14052;47084;30313;81927;34727;46579;68972;117628;185885;102678;21974;17277;55370;26212;12540;98932;58020;25291;63632;112044;29353;58257;12997;18875;103127;57810;46481;28591;16283;11906
ERR1602664.fastq;1868;2679;4082;25981;61821;4690;6142;9840;17989;4122;5612;7909;16606;41503;28264;37697;3741;9323;8305;17183;6835;13416;22396;40970;51778;23867;4190;3250;12726;6090;2860;32063;15542;5389;23455;50971;8729;17790;4140;5549;32413;14928;10097;5818;3592;2412
ERR1602649.fastq;2057;2978;4427;26894;64929;5140;6611;10267;19291;4535;6061;8485;17585;45736;28715;39941;3978;9855;8727;17839;7083;14143;22958;42333;56047;25646;4428;3417;13444;6339;2911;34381;16181;5591;24515;52430;9693;19965;4388;6133;33445;15090;10195;6053;3602;2527
SRR7171664.fastq;48;61;112;446;1009;137;190;250;352;61;63;135;211;398;334;483;73;262;187;416;206;269;392;581;911;492;183;89;289;131;71;430;256;169;363;669;198;375;111;121;672;365;344;177;104;67
ERR1602663.fastq;1715;2366;3675;22623;53355;4167;5309;8471;15741;3633;4948;7092;14261;36967;24338;33296;3265;8308;6906;14732;5710;11799;19150;35755;46515;21341;3542;2785;10644;5258;2385;26920;13019;4541;20305;44090;7368;15379;3358;4791;28016;12646;8449;4942;3002;2119
ERR251342.fastq;6555;6452;10337;50952;111664;11768;14929;22570;35960;11867;15734;19644;40914;75442;63965;80991;9591;31590;20227;56287;24055;32312;46804;80159;126366;70035;15014;12134;37329;17394;8588;67274;39624;17790;44948;81950;19967;39574;9157;12858;69004;39157;32378;19325;11098;8118
SRR7171674.fastq;37;49;73;334;839;130;137;165;290;62;93;106;206;312;171;404;103;234;213;339;171;264;428;616;782;396;101;88;224;115;69;330;255;157;225;426;150;253;85;102;736;398;320;221;133;114
ERR1602653.fastq;1411;1720;2521;15937;34340;2950;3857;6216;11327;2794;3863;5411;10754;23475;16675;20449;2650;6418;5647;11489;4617;9456;14925;25375;30075;16166;2879;2289;7760;3764;1822;17085;9678;3580;14019;27115;5793;10860;2789;3572;17739;9234;6746;3998;2377;1630
ERR251401.fastq;7772;7439;12020;63757;143941;13538;18009;27339;43374;13928;19709;24853;50352;93091;83496;111424;11557;39712;25005;70075;30207;40315;62109;104920;161630;85685;17516;13814;46311;22022;10074;89548;49137;20601;57266;110681;23938;48078;10051;15883;88814;48934;40735;23941;13718;9564
SRR7171676.fastq;744;689;950;4394;9714;1280;1546;2292;3402;698;957;1239;2396;3541;3221;5765;1158;2823;2173;4526;2228;3136;4782;7438;10655;5812;1599;1310;2434;1440;742;4378;2594;1811;3419;6873;1850;3582;878;1239;7501;4113;3435;2210;1302;968
ERR251404.fastq;9068;9176;14075;67453;148521;15989;20335;30337;50747;15979;21656;27128;54990;103778;81330;106775;12772;42017;27876;73163;31970;43707;64249;108650;166121;91310;19983;15989;50558;23561;11678;88061;52866;23688;57279;97769;26533;53337;11981;17538;93056;53416;43303;26191;15215;10788
ERR251326.fastq;9729;9755;15374;74939;164962;17746;22142;32635;55308;17329;23380;29538;60941;116698;90249;119814;13677;46492;30189;81286;35006;46380;68748;117670;185884;101822;21938;17254;54961;25565;12685;98535;57578;25541;64014;112856;29505;59162;13058;19255;101643;57675;45986;28351;16028;11665
SRR7171672.fastq;6;7;19;313;247;20;12;70;278;125;11;30;108;212;66;60;8;56;33;58;20;21;77;66;275;158;43;11;99;16;7;129;86;38;57;76;55;115;11;34;169;91;296;72;102;83
ERR251348.fastq;8047;7501;12249;59429;130593;13871;17496;26889;42462;13957;19010;24223;49447;89111;72175;92588;11204;38213;24118;65807;28393;38131;55879;92788;146453;81383;17528;13959;44520;21042;10308;76518;46691;21155;52263;88565;23820;46988;10570;15405;77646;45444;37611;22776;13017;9347
ERR251378.fastq;6332;6221;9671;48456;112657;11138;13927;20864;35520;10962;14577;18611;38369;76335;64180;91068;9132;29316;19707;52392;22185;31231;47899;84355;126168;65580;13973;11160;36206;17780;8442;75652;39261;16372;44387;90263;19732;38184;8548;12184;72985;38270;30676;18111;10744;7592
ERR251328.fastq;5189;5047;7626;38289;81392;8918;11122;16297;28397;8792;11746;14910;31128;59969;45882;60189;7896;23979;16079;41784;17990;26304;38391;64431;95486;53783;11393;9098;28368;13461;6665;51747;30786;13164;32838;56273;15022;29780;6650;9800;53642;31346;24632;14505;8527;6230
SRR7171661.fastq;142;59;230;772;1319;167;282;282;564;108;100;130;285;426;403;573;181;276;239;487;146;586;484;798;860;553;158;166;337;131;65;456;207;199;594;926;223;522;103;327;778;495;337;366;130;87
SRR7171669.fastq;45;41;70;311;650;93;99;137;231;38;62;87;148;235;142;351;84;150;173;262;129;237;335;541;568;297;72;80;198;129;44;311;212;90;174;411;115;205;48;61;609;371;243;179;101;85
ERR1602654.fastq;1593;1917;2971;18181;39896;3420;4244;6787;12261;3186;4235;5849;11665;26327;19310;22857;2949;6952;6477;12700;5074;10677;16800;29573;33727;17672;3114;2519;9266;4646;2187;21621;11790;3977;16827;31880;6311;12356;2893;4113;20155;10230;7360;4198;2484;1938
ERR1602668.fastq;2200;2845;4353;25975;59375;4935;6229;9925;18731;4324;5965;8504;17003;40893;26635;34146;3898;9761;8739;17529;7237;13936;22541;39869;51400;25173;4386;3585;12584;5884;2783;28661;14831;5587;22601;44648;8933;18390;4104;5816;31258;15379;10464;6386;3738;2620
ERR251344.fastq;5517;5209;8138;42226;88986;9631;11688;17557;28744;9407;12662;16279;33631;63635;50293;64604;8475;26164;17582;46504;19604;29324;43402;73257;105803;60299;12384;9734;30668;14586;7137;58271;35246;14116;39428;68108;16669;32707;7698;11226;59785;33902;26913;15620;9518;6800
ERR251329.fastq;6930;7203;10965;51169;113753;12174;15204;23062;38972;11633;15665;19939;40337;80028;62850;82839;9660;31837;20585;55434;23729;32612;47909;83387;129373;70430;15264;12196;36855;17680;8552;67951;39432;17493;44243;78212;20274;39355;9281;13209;71610;39856;31548;19059;10978;8118
ERR1602657.fastq;2332;3444;5095;31852;75479;5772;7359;11932;22636;5171;6881;9979;20072;53835;34668;48121;4709;11610;10086;21058;8402;16328;27104;50849;67791;30920;5066;3917;14737;7115;3230;38827;18209;6532;28804;62047;10533;21875;4976;6667;38752;17448;11751;6961;3911;2815
ERR1602652.fastq;1939;2783;4150;26018;61941;4856;6280;9886;18038;4218;5754;8051;16704;40900;28987;38019;4021;9312;8520;17056;6968;13690;22332;41166;51718;24107;4279;3268;13181;6143;2894;32872;16021;5290;23662;50106;8856;17964;4083;5590;32370;14558;9981;5943;3614;2468
SRR7171671.fastq;3;8;13;74;441;25;16;218;305;5;42;81;59;77;82;267;11;166;14;101;38;24;50;75;323;204;18;8;26;17;10;44;35;15;162;214;43;88;63;182;117;61;56;16;45;31
ERR1602655.fastq;1578;2165;3254;21075;49558;3790;4786;7781;14423;3307;4454;6552;12939;35212;22522;32357;3281;7712;7228;13864;5404;11827;19278;36260;44227;20885;3454;2506;10371;5045;2304;27651;13214;4043;19884;43246;7163;14692;3191;4553;27232;12046;8172;4558;2833;1857
SRR7171673.fastq;55;36;85;358;738;95;130;160;252;60;94;98;201;279;167;394;127;204;208;275;133;275;405;617;689;353;100;93;206;109;65;292;223;126;250;463;133;271;94;84;595;409;285;200;137;91
ERR251345.fastq;5697;5535;8649;45186;101745;9791;12509;19206;31036;10133;13404;17468;35373;65709;57238;75282;7876;28224;17381;49111;20010;27889;41905;70663;112510;59949;12471;10334;31984;15151;7068;59815;33648;14723;39525;75048;17384;34056;7498;10987;60289;34214;28251;16791;9280;6693
SRR7171679.fastq;121;33;31;117;430;37;51;92;243;63;41;223;327;342;415;178;34;113;55;466;54;96;158;278;348;225;91;33;80;50;21;288;74;78;213;331;118;174;46;33;179;177;92;71;44;33
SRR7171670.fastq;35;36;53;264;646;82;101;141;239;46;58;63;156;230;177;365;91;166;145;290;118;230;376;535;651;321;98;74;174;115;47;335;196;101;214;418;104;255;50;89;648;341;266;188;114;86
ERR1602662.fastq;2071;2802;4267;26521;61770;4882;6330;10090;18464;4340;5864;8571;16933;44512;28657;38480;3869;9949;8512;17800;6970;13961;22735;42145;55039;25528;4259;3505;12590;5953;2718;32041;15028;5456;23483;49240;8818;18371;4123;5580;34242;15788;10687;6112;3659;2728
ERR1602665.fastq;1293;1670;2672;16033;34562;3050;3802;6112;10810;2772;3696;5203;10310;23058;16791;19517;2641;6414;5822;11337;4560;9238;15225;25973;29871;16272;2860;2170;7325;3681;1759;16904;9510;3557;14519;27496;5554;10716;2569;3663;17772;9151;6675;3832;2338;1598
ERR1602659.fastq;1949;2619;4061;24882;53868;4761;6285;9669;17219;4659;6006;8351;17155;37333;24809;28686;3974;9625;8416;17112;7120;13370;21873;36745;44710;23674;4293;3535;12332;5983;2784;25605;14721;5613;22354;40280;8650;17173;4049;5860;25167;13035;9607;5663;3527;2351
