accession;AATGGx3;AATGGx2;GGAATx5;GGAATx4;GGAATx3;GGAATx2;ATGGAx3;ATGGAx2;TCCATx2;TCCATx3;TGGAAx5;TGGAAx3;TGGAAx2;ATTCCx2;ATTCCx3;CCATTx2;TACGTx2;TGGAAx4;CATTCx4;CATTCx2;CATTCx3;GAATGx3;GAATGx2;GAATGx5;GAATGx4;TTCCAx2;TTCCAx3
SRR013247.fastq;8239;11312;7847;8209;8766;12544;8094;9217;10169;8383;7712;8534;10470;11613;8382;9186;7886;7910;8188;11031;8311;8745;13335;7933;8271;10148;8136
SRR013216.fastq;9247;10764;8862;9166;9437;11608;9022;10061;11266;9375;8792;9386;11125;11457;9468;9799;9362;8987;8875;10582;9278;9951;13699;8827;9187;10733;9362
SRR013204.fastq;9052;11252;8454;9226;9509;12384;8820;9799;9387;8411;8537;9327;11283;10030;8587;8880;8295;8780;8128;9153;8379;10182;12505;8506;9154;9315;8338
SRR013224.fastq;8109;10211;7713;8192;9120;11192;8160;8976;8341;7678;7702;8895;10030;9068;7814;7925;7367;7978;7648;9007;7978;8926;11473;7638;8414;8483;7813
SRR013227.fastq;11298;13061;10928;11331;11816;13362;11166;11906;12358;11073;10864;11392;12237;12449;11247;11308;11134;10809;11042;12570;11453;11714;13663;11116;11362;11784;11072
SRR013243.fastq;8717;10136;8321;8564;8922;10278;8455;8788;9615;8562;8285;8891;10147;10490;8758;9162;8614;8552;8478;10419;9214;8880;10781;8353;8707;9334;8584
SRR013231.fastq;9210;10417;8842;9348;9835;12174;9251;10589;11982;9461;8695;9368;10851;12003;9420;9955;9603;8780;8863;10448;9335;10127;14615;9016;9494;10810;9138
SRR013213.fastq;9561;12670;8741;9123;9793;13072;9133;10296;12941;9722;8715;9377;11518;13583;9864;10285;9233;8904;9019;11789;9530;9965;15314;8894;9256;11347;9439
SRR013236.fastq;7512;8564;7392;7928;8394;9938;7491;8099;8232;7295;7186;7979;8896;8705;7615;7835;7239;7330;7262;8160;7533;8222;9547;7296;7575;7937;7327
SRR013226.fastq;8557;9895;7885;8364;8919;10556;8124;9219;9471;8301;7796;8384;9240;9492;8466;8351;8289;7828;8197;9794;8405;8588;10697;7907;8229;9553;8227
SRR013207.fastq;9537;11657;9005;9831;10857;13679;9145;10735;9678;8603;8810;9951;12438;10041;8931;8506;8289;9237;8625;10313;9084;10585;14650;8994;9679;10222;8869
SRR013219.fastq;9429;11941;8898;9431;9594;12562;9152;11179;11590;9563;8910;9635;11038;12723;9512;9427;9490;8942;8953;9955;9018;10357;14474;9051;9388;10547;9365
SRR013230.fastq;9933;12414;8998;9681;9841;12162;9286;10578;13006;9892;8983;9974;11740;13005;10287;10679;10044;9052;9374;12373;10086;10358;14827;9164;9362;11901;9669
SRR013211.fastq;12501;18542;11682;12099;12863;17161;12087;14098;13846;11973;11494;13104;16670;15799;12289;12861;11468;11933;11492;13364;12004;13556;21643;11803;12491;14047;12076
SRR013221.fastq;11609;13102;11355;11462;11894;13000;11524;12528;12335;11375;11291;11843;12406;13041;11661;11751;11522;11387;11493;12529;11620;12145;14343;11376;11558;12467;11556
SRR013240.fastq;3540;3988;3556;3476;3726;4069;3399;3703;3681;3541;3516;3620;3967;3714;3528;3495;3726;3516;3461;3607;3441;3619;4190;3474;3496;3702;3552
SRR013214.fastq;11008;13829;10236;10754;11242;14782;10936;13126;14100;11019;10009;10957;13227;14551;11293;11933;10256;10311;10375;13608;11050;12185;17803;10334;10926;12935;11061
SRR013246.fastq;10314;11871;9754;10078;10242;11490;10191;10907;10928;9882;9831;10375;11359;10676;9975;9985;10139;9965;9705;10292;9861;10506;12312;9717;10140;10087;9702
SRR013249.fastq;10449;16088;9253;9999;10953;17739;9725;13336;11204;9149;9232;10912;15637;12425;9332;9855;9045;9394;8724;11203;8934;10821;18660;8874;9888;10699;9128
SRR013229.fastq;9274;11031;8584;9159;9466;12324;8874;10008;11453;9191;8410;9263;11272;12675;9487;9324;9201;8741;8752;10639;9117;9568;14286;8454;8784;11010;9046
SRR013200.fastq;8665;10166;8147;8414;8676;9915;8401;9059;9562;8570;8186;8727;9644;9583;8538;8788;8757;8338;8316;9091;8402;8602;10317;8146;8425;9090;8456
SRR013202.fastq;10009;11360;9714;9776;10215;11371;9700;10213;10275;9542;9405;9699;10212;11339;10212;9642;10180;9507;9420;10346;9677;10180;11248;9621;9807;10567;9927
SRR013220.fastq;9746;12450;9128;9570;9757;12863;9414;11086;12821;9684;9127;9768;11568;14824;10255;11347;10073;9339;9518;12842;10002;10296;15305;9141;9593;12259;10001
SRR013205.fastq;9285;10300;8885;9215;9474;10572;9042;9420;9766;9106;8820;9213;9837;10753;9625;9379;10049;9085;9162;10391;9443;9746;11454;8957;9120;10038;9298
SRR013237.fastq;12770;20376;10584;12822;15455;23648;10863;15023;11986;9563;9839;13973;20917;12881;10069;10139;8269;11176;9492;12257;10028;15846;24709;10193;12560;11745;9716
SRR013201.fastq;8505;10548;8002;8414;8424;11440;8216;9303;10477;8412;7791;8536;9584;10859;8830;8930;8299;7922;7934;9785;8558;9203;13031;7911;8249;10356;8547
SRR013245.fastq;8504;12031;7653;7899;9007;12702;7887;9518;8705;7673;7581;8665;10910;9619;7685;8421;7673;7867;7335;8422;7547;9118;14453;7664;8151;8420;7650
SRR013234.fastq;8561;10610;8167;8477;9085;12654;8518;9557;10641;8539;8058;8652;10589;11723;8974;9405;8496;8273;8272;10722;8550;9437;14825;8285;8774;10008;8435
SRR013244.fastq;9653;13683;9245;9348;10216;14404;9541;11150;11039;9510;9036;10065;11871;12722;9582;10023;9191;9419;9130;10647;9306;10377;15135;9108;9500;10948;9305
SRR013208.fastq;14145;16478;13693;14391;15044;18560;13724;14831;15966;14176;13489;14329;16427;18399;14741;14247;14083;13789;13670;15454;14043;14893;19581;13758;14228;15555;13982
SRR013241.fastq;7821;9712;7304;7544;7932;10423;7461;8386;9229;7706;7236;7542;8537;11055;7995;8618;7942;7440;7451;9500;7748;8036;10964;7347;7748;9561;7810
SRR013248.fastq;10487;15736;8996;9499;10518;15485;10044;12922;11230;9416;8833;10405;13804;13023;9993;10739;9560;9356;8984;11721;9152;10486;17507;9186;9763;10638;9560
SRR013225.fastq;9837;11126;9388;9889;10061;12398;9355;10221;10495;9313;9242;10303;12317;10424;9439;9593;9471;9564;9252;10028;9460;10384;12549;9346;9757;10059;9397
SRR013218.fastq;10559;13367;9775;10469;10781;14030;10132;12095;13459;10600;9764;10832;13378;13146;10324;10456;10384;10062;9752;12064;10223;11623;17831;9817;10447;11863;9877
SRR013210.fastq;13166;17947;12550;12964;14151;20888;12994;15043;15214;12842;12300;13328;17016;16685;13055;13968;12410;12600;12423;14592;12711;14172;21949;12436;13288;14069;12497
SRR013242.fastq;9768;11551;9322;9575;10024;11440;9353;9859;10274;9364;9247;9881;10727;11249;9983;9951;9798;9386;9451;10768;9656;10546;12622;9343;9708;10646;9501
SRR013223.fastq;10566;12253;10271;10466;10727;12354;10280;10820;10738;9961;10092;10738;11872;11121;10145;10024;10112;10125;10027;10463;10112;10810;12915;10103;10464;10330;10024
SRR013239.fastq;8960;10237;8529;8920;9384;11260;8714;9855;10026;8632;8381;8991;10309;10258;8898;8514;8816;8560;8455;9734;8786;9302;11661;8380;8756;9352;8683
SRR013209.fastq;13922;19162;13070;13490;14465;20214;13436;14635;16869;13660;12881;13911;17110;17931;13943;14766;13261;13335;13027;16148;13468;14374;19513;12870;13262;15167;13365
SRR013235.fastq;9026;12277;8369;8703;9409;12829;8527;9629;10864;8925;8258;9168;11505;11696;9157;9781;8513;8692;8400;10143;8549;9641;12408;8582;8825;9942;8783
SRR013206.fastq;10217;11497;9775;10011;10093;11648;9915;10832;10924;9850;9635;9937;10831;11286;10196;10113;10863;9796;9828;11205;10348;10499;11779;9631;9905;10569;9838
SRR013238.fastq;9310;11138;8705;9028;9674;12189;8825;9836;9401;8546;8569;9331;11127;9815;8754;8670;8608;8857;8396;9592;8672;9805;12870;8495;9059;9228;8545
SRR013232.fastq;8775;9704;8516;8983;9199;10387;8691;9259;10778;8930;8342;8796;9795;11079;9126;9320;9352;8585;8733;9956;9025;9352;11910;8608;8889;9683;8857
SRR013228.fastq;10325;12024;9493;10205;10919;13787;9948;11149;11602;10011;9342;10093;11551;12405;10386;10576;9895;9654;9633;11470;10042;10888;13376;9546;10011;11853;9969
SRR013222.fastq;10613;11684;10242;10500;10828;11905;10487;11330;12046;10592;10329;10979;11523;12467;10624;10705;10580;10446;10405;11381;10767;11100;12738;10351;10686;11412;10498
SRR013203.fastq;10666;14307;10066;10391;11290;16780;10474;12462;13396;10635;9723;11038;12763;15558;11321;11891;10178;9979;10109;13144;10421;11189;16749;10054;10443;13285;10817
SRR013233.fastq;8823;9758;8440;8606;9071;10152;8423;9101;9970;8845;8310;8866;9626;11364;9215;9183;9747;8425;8627;9909;9020;9163;11173;8438;8593;10001;8949
SRR013212.fastq;9357;12736;8502;8768;9378;12807;8600;9619;13739;9621;8501;9255;11014;14771;9702;10303;8819;8548;9095;13478;9539;9843;14610;8486;8943;11025;9336
SRR013217.fastq;9774;11896;9345;9671;9918;12739;9607;10994;12077;9721;9112;9796;10993;12268;10060;10762;9958;9430;9533;11165;9733;10712;16070;9251;9786;10650;9639
SRR013215.fastq;10329;13726;9270;9720;10256;13737;9984;12455;14208;10277;9224;10298;12394;14219;10530;10680;9819;9465;9400;11582;9963;10792;17310;9465;9902;11893;9932
