accession;AATGGx3;AATGGx2;AATGGx7;AATGGx5;AATGGx4;GGAATx4;GGAATx3;GGAATx2;ATGGAx3;ATGGAx2;CATTCx4;TCCATx2;TCCATx3;TCCATx4;ATTCCx5;TGGAAx5;ATTCCx4;ATTCCx6;TGGAAx4;TGGAAx3;TGGAAx2;ATTCCx2;ATTCCx3;ATTCCx8;CATTCx2;CATTCx3;GAATGx3;GAATGx2;GAATGx5;GAATGx4;GAATGx6;TTCCAx2;TTCCAx3;TTCCAx4;TTCCAx5
SRR7171680.fastq;72103;73296;71755;71905;72103;72139;71881;72068;71725;71893;71786;72181;71816;71669;71838;71780;72026;71816;71924;72565;72652;72903;72134;71803;71969;71789;72289;72674;72039;72284;71851;72398;72065;71875;71750
SRR7171678.fastq;76572;76726;76061;75984;76312;76056;76013;76231;76139;76319;75963;76185;75970;75966;76024;76034;75989;75976;76417;76407;76782;76263;76156;75946;75999;75906;76141;76427;75989;76557;76014;76114;76146;76077;76019
SRR7171682.fastq;111460;111788;110978;111302;111134;111087;111030;111110;111185;111492;110959;111360;111005;111045;111067;111108;111108;110978;111146;111237;111432;111460;111227;110967;111145;111079;111360;112017;111071;111413;111032;111499;111246;111263;111208
SRR7171675.fastq;234111;234209;234108;234063;234032;234088;234000;234059;234271;234505;234206;234183;234004;233993;234117;234247;234316;234037;234074;234318;234385;234382;234278;234184;234478;234216;234021;234257;234092;234169;234029;234326;234093;234111;234018
ERR1602651.fastq;883181;926650;857644;863880;874047;871752;876362;903650;867148;885857;866756;897043;869025;862688;863327;861932;872835;860300;868250;877969;901331;916171;881536;856939;889930;870044;879425;911654;862474;873129;858544;891348;869702;863872;858766
SRR7171668.fastq;403471;404239;402979;403160;403288;403148;403110;403342;402976;403210;403284;403727;403218;403099;403177;403268;403417;403119;403366;403805;404267;404217;403632;403032;403596;403260;403275;403852;403121;403332;403006;404220;403585;403424;403219
ERR251402.fastq;2761849;2879754;2687736;2707776;2731611;2741577;2742430;2803574;2722574;2789290;2735132;2829836;2733606;2713088;2726124;2704556;2771221;2711316;2726826;2758140;2819985;2906730;2793250;2694226;2797722;2739655;2751250;2832417;2702927;2737890;2690279;2796395;2738936;2726482;2702179
ERR1602656.fastq;931357;976258;904249;910637;922720;920113;924903;951690;914226;932900;914435;943022;915480;909783;910902;909300;921136;907038;916455;927734;950978;966410;931592;903350;935026;917224;928119;957429;909651;922299;905451;938672;917840;911690;905681
SRR7171662.fastq;82486;83616;82238;82296;82716;82361;82429;82549;82191;82467;82314;82539;82300;82199;82418;82254;82668;82565;82388;82588;82881;83245;82719;82226;82550;82352;82642;83192;82225;82841;82218;82828;82519;82472;82461
ERR1602666.fastq;610189;637472;591015;595486;602577;601578;605276;620638;598277;611586;598314;616142;598672;594616;595657;594919;602782;593327;600151;608312;624757;629611;609033;590774;614463;601391;607872;628433;594931;602572;591914;613440;599739;596351;592116
ERR251347.fastq;2755368;2869129;2680149;2700364;2727059;2738201;2738003;2802751;2713782;2774923;2730447;2810362;2725321;2706422;2718202;2696032;2764576;2704837;2719361;2747813;2808279;2895715;2789285;2686751;2781928;2733748;2742013;2802858;2695701;2734143;2682385;2783799;2731285;2719409;2693829
SRR7171677.fastq;408998;409716;408428;408567;408775;408633;408540;408751;408407;408558;408681;409013;408646;408553;408654;408655;408855;408606;408815;409009;409423;409631;409042;408482;408940;408684;408727;409104;408547;408740;408434;409546;409049;408872;408670
ERR251379.fastq;3845754;4007743;3741784;3770383;3813757;3825539;3824487;3923679;3788643;3871279;3815008;3922401;3807924;3780079;3794990;3763925;3859156;3774867;3794948;3833423;3919674;4043193;3895753;3751579;3883641;3816654;3825864;3899340;3763678;3820345;3745805;3894966;3816172;3796585;3762667
SRR7171666.fastq;274345;275315;274127;274095;274227;274108;274184;274229;274070;274141;274117;274053;273982;273960;274040;274153;273989;274029;274282;274414;274791;274316;274188;274023;274296;274089;274092;274287;274106;274210;273998;274299;274016;273998;273955
ERR251346.fastq;2769529;2888814;2695067;2713899;2740083;2749968;2751231;2814774;2729619;2796506;2742799;2835687;2740361;2721921;2732136;2710732;2779740;2717627;2733406;2762262;2823348;2914292;2802728;2701548;2802728;2745740;2759547;2838209;2711345;2748414;2697749;2802652;2746146;2733891;2709147
ERR251404.fastq;3196023;3331275;3110137;3134088;3168146;3175229;3177194;3256630;3148402;3219176;3167830;3261630;3164005;3141450;3153579;3129981;3205551;3136815;3156399;3190677;3264759;3360638;3235828;3116806;3230406;3171681;3179049;3246604;3127737;3172469;3112722;3238741;3172601;3155724;3127166
ERR251327.fastq;1828007;1898755;1778519;1791018;1811269;1814983;1817827;1863213;1801719;1840255;1810806;1863095;1809915;1796646;1803297;1790874;1833487;1792993;1807041;1827768;1871271;1921190;1851837;1782699;1848872;1814343;1818623;1858410;1789103;1813167;1780017;1851455;1814563;1804239;1788054
ERR251377.fastq;2733904;2853719;2664031;2682677;2709872;2716330;2717504;2787262;2697266;2764061;2711523;2816719;2711112;2691111;2698878;2680155;2742890;2684271;2702510;2733641;2800778;2880835;2766365;2669815;2786896;2717895;2726222;2813311;2679899;2715285;2666846;2780529;2715347;2700345;2677513
ERR1602661.fastq;870520;912913;845026;850755;861069;859033;863920;891660;854390;872617;854326;884504;856479;850511;850606;848977;859297;847319;854854;864704;886706;902337;868761;844424;877628;857279;867252;899340;850139;861378;846264;877455;856711;850547;846075
SRR7171663.fastq;276423;276930;276252;276243;276344;276464;276379;276526;276115;276436;276967;276324;276186;276254;276278;276201;276309;276331;276538;276624;277073;276669;276421;276189;276388;276258;276369;276864;276370;276361;276159;276643;276542;276281;276177
ERR1602667.fastq;738889;774722;717129;722006;730761;728860;734411;756412;725654;741351;725114;753206;728141;722467;722035;721489;729703;719300;727089;737030;757676;768295;738827;716786;746946;728673;737861;766565;721462;731300;718093;746856;727811;722644;718470
ERR1602655.fastq;761060;797807;738734;743896;752474;750557;756305;779299;747095;762926;747241;775615;749599;743937;743806;743181;751752;740825;749120;758739;780651;790930;760814;738300;769544;750912;759522;789663;743096;752822;739721;769003;749402;744402;739728
ERR251380.fastq;3814933;3975981;3711020;3738940;3782666;3793761;3792430;3892272;3757398;3840378;3784302;3890249;3776329;3749331;3764030;3733078;3825652;3743638;3763876;3804010;3888996;4009599;3865223;3720672;3851514;3785181;3796566;3868463;3732751;3790829;3714595;3863598;3784890;3765870;3731351
SRR7171683.fastq;100913;101545;100623;100762;100816;100732;100841;100875;101050;101651;100928;101087;100752;100736;100784;100741;100829;100676;100849;101550;101739;101313;100890;100656;100925;100756;100889;101240;100717;100895;100570;101161;100956;100806;100700
ERR1602658.fastq;948930;996636;921936;928431;938919;937000;941678;970962;932207;952712;931605;967221;934215;927968;927923;925943;938056;924631;932652;943742;967614;985440;947265;921363;956254;934491;945442;982150;926886;938586;922896;956096;933682;928025;922996
ERR1602660.fastq;805615;845958;782557;787683;796832;794730;800143;826962;791313;808861;791748;824278;794337;788341;787493;786932;795927;784594;792437;801696;825149;839879;804229;782059;817396;795538;804263;839620;787599;797265;783644;816623;793708;788251;783903
SRR7171665.fastq;280996;281592;280798;280985;281117;281002;280934;281191;280943;281031;280947;281087;280848;280809;280900;280923;281123;280867;281004;281414;281375;281822;281166;280984;281004;280949;281182;281200;280834;281105;280782;281440;281049;281173;280873
ERR1602650.fastq;843299;883837;818716;824498;834296;832330;836929;862921;827347;845179;827275;856244;829728;824167;824227;823174;832720;820924;829209;839079;861327;875017;841974;817939;849249;830478;839595;869169;823262;834157;819427;851282;830391;825059;819918
ERR251403.fastq;3191399;3326850;3105082;3128807;3163835;3169797;3172472;3252492;3144250;3216109;3163248;3256990;3158234;3136117;3149032;3123940;3200276;3131846;3150864;3185545;3257733;3355598;3232492;3112192;3224727;3167422;3174693;3241865;3123589;3167138;3107830;3234423;3167563;3150675;3121531
ERR251325.fastq;2793772;2908055;2718699;2738849;2768410;2775391;2777530;2847694;2752468;2812702;2768468;2853749;2766062;2746108;2757704;2735913;2802970;2741650;2757046;2786141;2849345;2938002;2829925;2725076;2825058;2771911;2779204;2842091;2734663;2772221;2721045;2830508;2771637;2756918;2733672
ERR1602664.fastq;968507;1016174;940162;947028;957874;956032;960857;989153;950686;971543;950867;984089;952479;946013;946339;944981;956800;943025;951786;963736;988443;1002818;965695;939497;976595;954615;965146;1001744;945547;957608;941308;977062;953798;947369;941668
ERR1602649.fastq;886165;929921;861113;867027;877415;875450;879870;907842;869910;888260;870683;901175;872401;866332;866552;865250;875744;863357;871488;881634;903927;919704;884729;860292;894779;873834;883427;915542;866363;878191;862261;893701;872578;866943;862166
SRR7171664.fastq;282144;284298;280938;281382;281778;281229;281288;281957;281188;281706;281535;282285;281171;280955;281431;281133;282028;281211;281458;281934;282661;283923;282321;281120;282081;281405;281820;282998;281178;281869;280871;283010;281829;281747;281093
ERR1602663.fastq;850608;892041;825697;831517;841326;839328;844064;869948;834785;852919;834446;864997;836831;830832;831295;829401;839964;827787;836005;845923;868313;882820;848878;824853;856401;837652;847481;879550;830025;840837;826543;857879;837148;831485;826746
ERR251342.fastq;2754928;2869582;2680902;2701318;2726610;2735970;2736342;2801179;2714744;2779503;2729197;2811659;2725953;2706689;2718356;2696892;2765004;2704124;2719719;2747094;2810087;2897345;2790969;2687042;2785752;2733532;2743589;2813471;2696400;2733438;2682965;2789020;2732648;2719845;2695184
SRR7171674.fastq;421009;422001;420591;420664;420921;420747;420637;420962;420497;420674;420785;421150;420704;420624;420808;420763;421021;420677;420869;421199;421564;421890;421133;420529;420999;420850;420787;421194;420632;420846;420530;421799;421138;420981;420780
ERR1602653.fastq;607145;634209;588021;592839;600363;599518;602983;618232;595256;608231;595111;613782;596273;592057;593137;591999;600602;590482;597608;605656;621026;627938;607483;587917;608835;597934;604323;623585;592216;599675;588938;609797;597280;593619;589570
ERR251401.fastq;2765236;2884000;2690826;2711285;2735040;2745380;2747674;2808686;2727292;2794472;2739392;2835841;2737096;2717616;2729614;2707826;2774595;2715534;2730507;2762795;2826206;2910198;2797716;2696728;2803438;2743579;2755621;2834739;2706242;2742010;2694303;2802350;2743277;2731130;2706247
SRR7171676.fastq;328480;342532;320232;322916;325855;323192;322163;326223;321465;325374;323294;332101;323142;322018;324324;322599;328830;322747;325151;329506;336521;345017;332227;321081;328435;323717;325900;335028;321744;326334;320119;336688;327736;325944;322698
ERR1602657.fastq;898340;941975;872229;878406;889119;886552;892033;920328;881859;901156;881211;914612;884448;877857;878082;876554;887539;874868;882804;893589;917341;934286;897407;871520;905317;884687;895290;928541;877002;888357;873127;905241;883924;878223;873422
ERR251326.fastq;2819708;2937737;2744698;2764232;2793965;2801354;2803962;2874461;2778238;2839782;2793510;2878548;2790792;2770542;2782406;2761024;2828031;2767343;2782257;2811591;2875736;2965166;2854958;2750200;2850645;2796941;2805384;2869423;2760125;2799021;2746678;2854721;2797070;2781739;2758610
SRR7171672.fastq;210524;210388;209892;210019;210453;210105;210206;210318;209910;210007;210085;209992;209914;209868;209984;209931;209989;209892;209893;210035;210006;210444;210209;209958;210149;210056;209985;210031;209981;210121;209935;210231;210067;210490;210024
ERR251348.fastq;2722379;2836800;2649100;2670047;2695092;2706327;2706898;2770106;2681507;2742872;2698402;2775697;2693301;2674352;2688260;2665589;2732635;2672467;2688126;2716670;2776019;2862299;2757680;2654990;2749856;2701893;2710856;2769227;2665109;2702373;2651569;2751670;2699888;2687289;2663429
ERR251378.fastq;2728399;2848845;2658361;2676623;2704123;2709473;2711768;2780704;2691441;2757898;2705412;2808345;2704427;2684803;2692483;2674448;2735785;2679103;2696076;2727353;2795750;2874192;2760526;2663688;2779422;2711146;2720764;2806834;2674496;2709124;2660325;2774418;2709285;2695034;2671452
ERR251328.fastq;1812743;1883167;1764731;1776800;1796577;1801041;1802792;1848167;1786834;1825150;1796529;1848528;1796319;1782857;1789356;1776443;1818455;1779569;1793155;1812910;1855458;1906192;1838061;1768783;1834732;1800481;1803837;1842128;1774715;1798837;1766175;1837828;1801398;1790422;1773868
SRR7171661.fastq;64277;64986;63469;63628;64005;63632;63490;63819;63440;63788;63703;64016;63609;63457;63618;63569;63902;63435;64036;63896;64311;64392;63989;63455;63858;63521;64046;64478;63545;63949;63689;64284;63913;63702;63742
SRR7171669.fastq;374408;375239;373853;373969;374208;373996;373923;374218;373781;373979;374124;374507;373958;373900;374003;374061;374289;373947;374226;374469;374972;375038;374373;373797;374408;374159;374063;374655;373909;374142;373761;375139;374558;374242;374078
ERR1602654.fastq;632513;661110;613049;617497;624712;623926;627908;643242;620372;634000;620764;638672;620565;616616;617715;617088;625292;615236;622624;630692;647516;652987;631842;612643;637044;624090;630729;650555;616868;624839;613964;635113;622034;618252;614077
ERR1602668.fastq;910091;953375;882799;889280;900700;898458;903366;929425;892346;910946;892728;920681;894210;888379;889067;887740;899141;885790;894481;905639;928098;943041;909051;882086;913572;895641;905718;934292;887992;900257;883943;916938;896352;889979;884686
ERR251344.fastq;2253631;2339699;2193610;2208213;2228809;2237808;2242098;2293039;2222048;2268480;2232353;2294823;2231490;2214366;2224060;2208260;2261507;2211984;2229878;2255796;2310750;2370650;2286899;2198687;2283164;2240782;2248480;2301273;2206577;2236107;2196550;2285951;2238307;2225438;2204644
ERR251329.fastq;2543271;2649742;2476905;2495442;2522516;2524842;2528722;2592370;2507284;2563143;2518913;2597152;2518874;2501166;2510375;2491227;2550528;2496579;2511694;2537724;2598086;2676314;2576041;2482169;2571822;2523299;2531487;2589279;2490695;2523168;2478667;2578048;2524021;2509882;2488627
ERR251343.fastq;2294687;2381758;2233142;2248277;2269496;2277557;2283400;2334320;2261695;2310137;2272915;2336119;2271382;2254139;2264465;2248004;2301128;2252206;2269685;2296389;2350577;2413813;2327186;2238945;2323422;2281318;2288149;2342570;2246331;2275788;2236201;2325439;2279193;2266175;2244973
ERR1602652.fastq;991252;1040059;962474;969323;980407;978592;983208;1011472;973159;995285;973801;1007558;974794;968101;968542;967462;979071;965352;974493;986242;1011835;1026171;988655;961689;1000565;977662;988050;1023980;967920;980305;963474;999882;975674;969452;963955
SRR7171671.fastq;216564;217298;216441;216864;217034;216531;216550;216571;216519;216584;216442;216957;216433;216452;216757;216405;216625;216476;216435;216505;216566;217068;216831;216421;216489;216463;216746;216852;216488;216598;216790;216655;216535;216523;216411
SRR7171667.fastq;394713;395405;394291;394466;394628;394476;394430;394614;394255;394415;394555;394840;394434;394355;394453;394523;394672;394369;394678;394804;395229;395246;394744;394341;394862;394588;394499;394912;394353;394582;394276;395220;394788;394689;394485
SRR7171673.fastq;404534;405268;404000;404138;404323;404220;404131;404377;404026;404149;404232;404603;404183;404100;404228;404237;404370;404082;404369;404626;405035;405173;404523;404013;404404;404265;404318;404738;404080;404361;403970;404992;404635;404391;404218
ERR251345.fastq;2740267;2859743;2665470;2685374;2710370;2719536;2722065;2783622;2700464;2765726;2712374;2803846;2709684;2691801;2704429;2681516;2748559;2687075;2703719;2733335;2794087;2882483;2771455;2671139;2771170;2715889;2728307;2803351;2681523;2716752;2668000;2772173;2717086;2704486;2680268
SRR7171679.fastq;66051;66468;65918;66016;66225;66335;66248;66353;66436;66448;65995;66134;66061;65957;66046;65951;66516;65948;66022;66107;66269;66362;66199;66015;66283;65981;66182;66339;66055;66129;65905;66136;66133;66014;65978
SRR7171670.fastq;412572;413366;412170;412305;412519;412337;412300;412496;412163;412383;412377;412785;412381;412233;412361;412314;412629;412256;412499;412810;413138;413378;412693;412208;412721;412425;412463;412896;412221;412552;412186;413371;412736;412579;412410
ERR1602662.fastq;816025;855097;792013;797801;807091;805392;810476;835968;800879;818392;800573;829281;802904;797356;797644;796047;806354;794337;802094;811827;833344;847636;814924;791320;822144;803278;812657;841209;796388;806987;792790;824584;804121;798463;793382
ERR1602665.fastq;596549;623164;577878;582289;589045;588325;591740;606641;584924;597639;584032;601556;584680;581217;582723;581871;589802;580054;586783;595388;610828;616427;596893;577603;597802;587174;594373;613016;581485;588909;578760;599049;586656;583098;579007
ERR1602659.fastq;785152;820548;760555;766563;775790;775710;780296;800357;769086;785061;769817;789798;769384;764601;766509;765029;775656;763443;771086;781474;799638;809366;783675;759981;786036;772735;782062;803956;765315;775733;761901;785500;770675;766485;761658
