accession;AATGGx8;AATGGx3;AATGGx2;AATGGx7;AATGGx6;AATGGx5;AATGGx4;GGAATx6;GGAATx5;GGAATx4;GGAATx3;GGAATx2;ATGGAx4;ATGGAx3;ATGGAx2;CATTCx4;TCCATx2;TCCATx3;TCCATx4;TGGAAx7;ATTCCx5;TGGAAx5;ATTCCx4;ATTCCx6;TGGAAx4;TGGAAx3;TGGAAx2;ATTCCx2;ATTCCx3;ATTCCx8;ATTCCx9;CATTCx5;CATTCx7;CATTCx2;CATTCx3;ATTCCx7;GAATGx3;GAATGx2;GAATGx5;GAATGx4;GAATGx7;GAATGx6;TTCCAx2;TTCCAx3;TTCCAx4;TTCCAx5;TTCCAx6;TTCCAx7
SRR7171680.fastq;71661;72085;73269;71773;71867;71905;72094;71753;71740;72130;71863;72041;71680;71707;71866;71777;72154;71798;71660;71756;71838;71780;72017;71825;71915;72547;72625;72876;72116;71830;71718;71674;71566;71942;71771;71738;72271;72647;72039;72275;71664;71860;72371;72047;71866;71750;71662;71668
SRR7171678.fastq;75980;76554;76699;76079;75944;75984;76303;75939;75923;76047;75995;76204;75907;76121;76292;75954;76158;75952;75957;76151;76024;76034;75980;75985;76408;76389;76755;76236;76138;75973;75937;75913;75952;75972;75888;75956;76123;76400;75989;76548;76146;76023;76087;76128;76068;76019;75885;75914
SRR7171682.fastq;110956;111442;111761;110996;110982;111302;111125;110958;110981;111078;111012;111083;110933;111167;111465;110950;111333;110987;111036;110952;111067;111108;111099;110987;111137;111219;111405;111433;111209;110994;110996;111033;110942;111118;111061;111031;111342;111990;111071;111404;110907;111041;111472;111228;111254;111208;111109;110917
SRR7171675.fastq;234006;234093;234182;234126;234044;234063;234023;234034;234038;234079;233982;234032;233977;234253;234478;234197;234156;233986;233984;233987;234117;234247;234307;234046;234065;234300;234358;234355;234260;234211;233987;234005;233981;234451;234198;234059;234003;234230;234092;234160;234000;234038;234299;234075;234102;234018;234022;233995
ERR1602651.fastq;857127;883163;926623;857662;859471;863880;874038;858511;861718;871743;876344;903623;861452;867130;885830;866747;897016;869007;862679;856351;863327;861932;872826;860309;868241;877951;901304;916144;881518;856966;855833;859124;855113;889903;870026;858301;879407;911627;862474;873120;856561;858553;891321;869684;863863;858766;856115;854742
SRR7171668.fastq;402977;403453;404212;402997;403038;403160;403279;402939;402988;403139;403092;403315;402928;402958;403183;403275;403700;403200;403090;403056;403177;403268;403408;403128;403357;403787;404240;404190;403614;403059;402984;403010;402959;403569;403242;403055;403257;403825;403121;403323;402954;403015;404193;403567;403415;403219;403062;402976
ERR251402.fastq;2685554;2761831;2879727;2687754;2693804;2707776;2731602;2696292;2703860;2741568;2742412;2803547;2706801;2722556;2789263;2735123;2829809;2733588;2713079;2684932;2726124;2704556;2771212;2711325;2726817;2758122;2819958;2906703;2793232;2694253;2688905;2699982;2682718;2797695;2739637;2699043;2751232;2832390;2702927;2737881;2683257;2690288;2796368;2738918;2726473;2702179;2687540;2682154
SRR7171664.fastq;280862;282126;284271;280956;281155;281382;281769;280641;280927;281220;281270;281930;280855;281170;281679;281526;282258;281153;280946;280695;281431;281133;282019;281220;281449;281916;282634;283896;282303;281147;280780;280911;280686;282054;281387;281081;281802;282971;281178;281860;280847;280880;282983;281811;281738;281093;280809;280667
SRR7171662.fastq;82172;82468;83589;82256;82297;82296;82707;82215;82198;82352;82411;82522;82114;82173;82440;82305;82512;82282;82190;82206;82418;82254;82659;82574;82379;82570;82854;83218;82701;82253;82173;82269;82098;82523;82334;82231;82624;83165;82225;82832;82126;82227;82801;82501;82463;82461;82181;82131
ERR1602666.fastq;590607;610171;637445;591033;592332;595486;602568;591947;593975;601569;605258;620611;594463;598259;611559;598305;616115;598654;594607;590491;595657;594919;602773;593336;600142;608294;624730;629584;609015;590801;589927;592574;589602;614436;601373;591689;607854;628406;594931;602563;590413;591923;613413;599721;596342;592116;590104;589236
ERR251347.fastq;2677767;2755350;2869102;2680167;2686540;2700364;2727050;2688894;2696056;2738192;2737985;2802724;2699164;2713764;2774896;2730438;2810335;2725303;2706413;2676093;2718202;2696032;2764567;2704846;2719352;2747795;2808252;2895688;2789267;2686778;2681265;2691028;2674789;2781901;2733730;2691925;2741995;2802831;2695701;2734134;2675242;2682394;2783772;2731267;2719400;2693829;2678779;2673139
SRR7171677.fastq;408464;408980;409689;408446;408500;408567;408766;408410;408435;408624;408522;408724;408362;408389;408531;408672;408986;408628;408544;408515;408654;408655;408846;408615;408806;408991;409396;409604;409024;408509;408496;408492;408415;408913;408666;408550;408709;409077;408547;408731;408404;408443;409519;409031;408863;408670;408534;408487
SRR7171667.fastq;394336;394695;395378;394309;394320;394466;394619;394295;394319;394467;394412;394587;394189;394237;394388;394546;394813;394416;394346;394351;394453;394523;394663;394378;394669;394786;395202;395219;394726;394368;394351;394388;394281;394835;394570;394416;394481;394885;394353;394573;394266;394285;395193;394770;394680;394485;394384;394343
ERR251343.fastq;2231110;2294669;2381731;2233160;2237408;2248277;2269487;2239133;2246291;2277548;2283382;2334293;2249499;2261677;2310110;2272906;2336092;2271364;2254130;2231077;2264465;2248004;2301119;2252215;2269676;2296371;2350550;2413786;2327168;2238972;2233970;2242825;2229338;2323395;2281300;2242406;2288131;2342543;2246331;2275779;2229680;2236210;2325412;2279175;2266166;2244973;2233469;2228391
ERR251379.fastq;3738561;3845736;4007716;3741802;3751521;3770383;3813748;3754237;3764871;3825530;3824469;3923652;3768296;3788625;3871252;3814999;3922374;3807906;3780070;3734487;3794990;3763925;3859147;3774876;3794939;3833405;3919647;4043166;3895735;3751606;3743537;3756814;3733829;3883614;3816636;3757752;3825846;3899313;3763678;3820336;3734336;3745814;3894939;3816154;3796576;3762667;3739569;3731045
SRR7171666.fastq;273942;274327;275288;274145;273936;274095;274218;274237;273925;274099;274166;274202;273998;274052;274114;274108;274026;273964;273951;274070;274040;274153;273980;274038;274273;274396;274764;274289;274170;274050;274064;273988;273914;274269;274071;273943;274074;274260;274106;274201;274056;274007;274272;273998;273989;273955;273985;273993
ERR251346.fastq;2692737;2769511;2888787;2695085;2700910;2713899;2740074;2703310;2710921;2749959;2751213;2814747;2713934;2729601;2796479;2742790;2835660;2740343;2721912;2691171;2732136;2710732;2779731;2717636;2733397;2762244;2823321;2914265;2802710;2701575;2696266;2706027;2689386;2802701;2745722;2705895;2759529;2838182;2711345;2748405;2690640;2697758;2802625;2746128;2733882;2709147;2694743;2688712
SRR7171672.fastq;209916;210506;210361;209910;209872;210019;210444;209865;209923;210096;210188;210291;209890;209892;209980;210076;209965;209896;209859;209862;209984;209931;209980;209901;209884;210017;209979;210417;210191;209985;209898;209879;209851;210122;210038;209963;209967;210004;209981;210112;209876;209944;210204;210049;210481;210024;210103;210071
ERR251377.fastq;2661727;2733886;2853692;2664049;2669365;2682677;2709863;2670734;2678245;2716321;2717486;2787235;2681939;2697248;2764034;2711514;2816692;2711094;2691102;2660681;2698878;2680155;2742881;2684280;2702501;2733623;2800751;2880808;2766347;2669842;2664525;2676730;2659616;2786869;2717877;2673927;2726204;2813284;2679899;2715276;2659461;2666855;2780502;2715329;2700336;2677513;2663264;2658084
ERR1602661.fastq;844403;870502;912886;845044;846912;850755;861060;846174;849098;859024;863902;891633;848523;854372;872590;854317;884477;856461;850502;843840;850606;848977;859288;847328;854845;864686;886679;902310;868743;844451;843245;846529;842692;877601;857261;845660;867234;899313;850139;861369;844321;846273;877428;856693;850538;846075;843532;842285
ERR251329.fastq;2474872;2543253;2649715;2476923;2482073;2495442;2522507;2482859;2490125;2524833;2528704;2592343;2494000;2507266;2563116;2518904;2597125;2518856;2501157;2472639;2510375;2491227;2550519;2496588;2511685;2537706;2598059;2676287;2576023;2482196;2476981;2486280;2470752;2571795;2523281;2485981;2531469;2589252;2490695;2523159;2471993;2478676;2578021;2524003;2509873;2488627;2474875;2470010
ERR1602667.fastq;716617;738871;774695;717147;718507;722006;730752;718159;720522;728851;734393;756385;720753;725636;741324;725105;753179;728123;722458;716821;722035;721489;729694;719309;727080;737012;757649;768268;738809;716813;715855;718810;715366;746919;728655;717747;737843;766538;721462;731291;716479;718102;746829;727793;722635;718470;716037;715051
ERR1602660.fastq;782063;805597;845931;782575;784026;787683;796823;783395;786453;794721;800125;826935;785826;791295;808834;791739;824251;794319;788332;781983;787493;786932;795918;784603;792428;801678;825122;839852;804211;782086;781261;784502;780728;817369;795520;783168;804245;839593;787599;797256;782126;783653;816596;793690;788242;783903;781384;780333
ERR251380.fastq;3706846;3814915;3975954;3711038;3720395;3738940;3782657;3722732;3734007;3793752;3792412;3892245;3736334;3757380;3840351;3784293;3890222;3776311;3749322;3703488;3764030;3733078;3825643;3743647;3763867;3803992;3888969;4009572;3865205;3720699;3712489;3726121;3702537;3851487;3785163;3727295;3796548;3868436;3732751;3790820;3703420;3714604;3863571;3784872;3765861;3731351;3709504;3700229
SRR7171683.fastq;100731;100895;101518;100641;100813;100762;100807;100555;100602;100723;100823;100848;100583;101032;101624;100919;101060;100734;100727;100700;100784;100741;100820;100685;100840;101532;101712;101286;100872;100683;100536;100933;100593;100898;100738;100710;100871;101213;100717;100886;100606;100579;101134;100938;100797;100700;100611;100571
ERR1602658.fastq;921079;948912;996609;921954;923712;928431;938910;923166;926090;936991;941660;970935;925854;932189;952685;931596;967194;934197;927959;920628;927923;925943;938047;924640;932643;943724;967587;985413;947247;921390;920261;923275;919262;956227;934473;922760;945424;982123;926886;938577;920774;922905;956069;933664;928016;922996;920196;918918
SRR7171663.fastq;276093;276405;276903;276270;276154;276243;276335;276249;276153;276455;276361;276499;276112;276097;276409;276958;276297;276168;276245;276193;276278;276201;276300;276340;276529;276606;277046;276642;276403;276216;276234;276094;276181;276361;276240;276150;276351;276837;276370;276352;276219;276168;276616;276524;276272;276177;276109;276093
SRR7171676.fastq;319379;328462;342505;320250;320947;322916;325846;319378;320119;323183;322145;326196;319856;321447;325347;323285;332074;323124;322009;319924;324324;322599;328821;322756;325142;329488;336494;344990;332209;321108;320351;320655;318812;328408;323699;321660;325882;335001;321744;326325;319177;320128;336661;327718;325935;322698;320299;319418
SRR7171665.fastq;280808;280978;281565;280816;280880;280985;281108;280755;280902;280993;280916;281164;280727;280925;281004;280938;281060;280830;280800;280791;280900;280923;281114;280876;280995;281396;281348;281795;281148;281011;280789;280851;280736;280977;280931;280934;281164;281173;280834;281096;280771;280791;281413;281031;281164;280873;280772;280805
ERR1602650.fastq;817947;843281;883810;818734;820589;824498;834287;819724;822502;832321;836911;862894;822277;827329;845152;827266;856217;829710;824158;817616;824227;823174;832711;820933;829200;839061;861300;874990;841956;817966;816930;819944;816079;849222;830460;819276;839577;869142;823262;834148;817786;819436;851255;830373;825050;819918;817270;816052
ERR251403.fastq;3101974;3191381;3326823;3105100;3112559;3128807;3163826;3114741;3124071;3169788;3172454;3252465;3128121;3144232;3216082;3163239;3256963;3158216;3136108;3099686;3149032;3123940;3200267;3131855;3150855;3185527;3257706;3355571;3232474;3112219;3105513;3118182;3098395;3224700;3167404;3117880;3174675;3241838;3123589;3167129;3098806;3107839;3234396;3167545;3150666;3121531;3103553;3096613
ERR251325.fastq;2716362;2793754;2908028;2718717;2724452;2738849;2768401;2726716;2734755;2775382;2777512;2847667;2737868;2752450;2812675;2768459;2853722;2766044;2746099;2714791;2757704;2735913;2802961;2741659;2757037;2786123;2849318;2937975;2829907;2725103;2719004;2730581;2712824;2825031;2771893;2729404;2779186;2842064;2734663;2772212;2713418;2721054;2830481;2771619;2756909;2733672;2717681;2711997
ERR1602664.fastq;939377;968489;1016147;940180;942111;947028;957865;941402;944453;956023;960839;989126;944638;950668;971516;950858;984062;952461;946004;938912;946339;944981;956791;943034;951777;963718;988416;1002791;965677;939524;938274;942031;937732;976568;954597;941114;965128;1001717;945547;957599;939446;941317;977035;953780;947360;941668;938703;937133
ERR1602649.fastq;860316;886147;929894;861131;862821;867027;877406;862186;864971;875441;879852;907815;864572;869892;888233;870674;901148;872383;866323;859788;866552;865250;875735;863366;871479;881616;903900;919677;884711;860319;859158;862497;858551;894752;873816;861652;883409;915515;866363;878182;860260;862270;893674;872560;866934;862166;859342;858107
ERR1602656.fastq;903259;931339;976231;904267;906121;910637;922711;905270;908827;920104;924885;951663;908348;914208;932873;914426;942995;915462;909774;902866;910902;909300;921127;907047;916446;927716;950951;966383;931574;903377;902232;905692;901169;934999;917206;905081;928101;957402;909651;922290;903072;905460;938645;917822;911681;905681;902326;901018
ERR1602663.fastq;825061;850590;892014;825715;827254;831517;841317;826765;829652;839319;844046;869921;829315;834767;852892;834437;864970;836813;830823;824494;831295;829401;839955;827796;835996;845905;868286;882793;848860;824880;823863;827174;823298;856374;837634;826222;847463;879523;830025;840828;824621;826552;857852;837130;831476;826746;824127;822937
ERR251342.fastq;2678226;2754910;2869555;2680920;2686887;2701318;2726601;2688410;2695789;2735961;2736324;2801152;2700784;2714726;2779476;2729188;2811632;2725935;2706680;2676805;2718356;2696892;2764995;2704133;2719710;2747076;2810060;2897318;2790951;2687069;2681634;2691536;2674908;2785725;2733514;2692305;2743571;2813444;2696400;2733429;2675984;2682974;2788993;2732630;2719836;2695184;2679644;2674019
SRR7171674.fastq;420492;420991;421974;420609;420614;420664;420912;420518;420538;420738;420619;420935;420422;420479;420647;420776;421123;420686;420615;420551;420808;420763;421012;420686;420860;421181;421537;421863;421115;420556;420536;420558;420473;420972;420832;420667;420769;421167;420632;420837;420510;420539;421772;421120;420972;420780;420606;420575
SRR7171661.fastq;63586;64259;64959;63487;63637;63628;63996;63370;63410;63623;63472;63792;63395;63422;63761;63694;63989;63591;63448;63507;63618;63569;63893;63444;64027;63878;64284;64365;63971;63482;63504;63412;63329;63831;63503;63532;64028;64451;63545;63940;63386;63698;64257;63895;63693;63742;63419;63362
ERR251401.fastq;2688605;2765218;2883973;2690844;2697466;2711285;2735031;2699986;2707600;2745371;2747656;2808659;2710467;2727274;2794445;2739383;2835814;2737078;2717607;2687907;2729614;2707826;2774586;2715543;2730498;2762777;2826179;2910171;2797698;2696755;2691275;2703403;2685708;2803411;2743561;2701318;2755603;2834712;2706242;2742001;2685673;2694312;2802323;2743259;2731121;2706247;2691102;2684950
ERR251404.fastq;3106967;3196005;3331248;3110155;3117401;3134088;3168137;3119607;3128732;3175220;3177176;3256603;3132246;3148384;3219149;3167821;3261603;3163987;3141441;3104780;3153579;3129981;3205542;3136824;3156390;3190659;3264732;3360611;3235810;3116833;3110174;3122776;3102953;3230379;3171663;3123009;3179031;3246577;3127737;3172460;3103460;3112731;3238714;3172583;3155715;3127166;3108850;3101466
ERR251326.fastq;2741612;2819690;2937710;2744716;2750475;2764232;2793956;2752100;2760169;2801345;2803944;2874434;2763504;2778220;2839755;2793501;2878521;2790774;2770533;2739374;2782406;2761024;2828022;2767352;2782248;2811573;2875709;2965139;2854940;2750227;2744088;2754957;2738071;2850618;2796923;2754944;2805366;2869396;2760125;2799012;2738561;2746687;2854694;2797052;2781730;2758610;2742450;2736730
ERR251327.fastq;1776979;1827989;1898728;1778537;1781792;1791018;1811260;1783448;1789088;1814974;1817809;1863186;1791283;1801701;1840228;1810797;1863068;1809897;1796637;1776441;1803297;1790874;1833478;1793002;1807032;1827750;1871244;1921163;1851819;1782726;1779020;1785898;1775015;1848845;1814325;1785703;1818605;1858383;1789103;1813158;1775397;1780026;1851428;1814545;1804230;1788054;1777752;1774123
ERR251348.fastq;2646518;2722361;2836773;2649118;2654944;2670047;2695083;2657381;2665759;2706318;2706880;2770079;2667821;2681489;2742845;2698393;2775670;2693283;2674343;2644826;2688260;2665589;2732626;2672476;2688117;2716652;2775992;2862272;2757662;2655017;2649282;2660639;2643383;2749829;2701875;2660842;2710838;2769200;2665109;2702364;2643805;2651578;2751643;2699870;2687280;2663429;2647734;2641835
ERR251378.fastq;2655634;2728381;2848818;2658379;2663607;2676623;2704114;2664829;2672391;2709464;2711750;2780677;2675955;2691423;2757871;2705403;2808318;2704409;2684794;2654611;2692483;2674448;2735776;2679112;2696067;2727335;2795723;2874165;2760508;2663715;2658441;2670830;2653313;2779395;2711128;2668208;2720746;2806807;2674496;2709115;2653513;2660334;2774391;2709267;2695025;2671452;2657627;2651714
ERR251328.fastq;1762643;1812725;1883140;1764749;1768345;1776800;1796568;1769368;1774531;1801032;1802774;1848140;1777603;1786816;1825123;1796520;1848501;1796301;1782848;1763075;1789356;1776443;1818446;1779578;1793146;1812892;1855431;1906165;1838043;1768810;1765064;1772161;1761060;1834705;1800463;1771695;1803819;1842101;1774715;1798828;1761035;1766184;1837801;1801380;1790413;1773868;1764097;1760347
ERR1602653.fastq;587413;607127;634182;588039;589371;592839;600354;589381;591650;599509;602965;618205;591460;595238;608204;595102;613755;596255;592048;587593;593137;591999;600593;590491;597599;605638;620999;627911;607465;587944;587080;589223;586366;608808;597916;588970;604305;623558;592216;599666;587800;588947;609770;597262;593610;589570;587180;586081
SRR7171669.fastq;373817;374390;375212;373871;373876;373969;374199;373774;373834;373987;373905;374191;373716;373763;373952;374115;374480;373940;373891;373845;374003;374061;374280;373956;374217;374451;374945;375011;374355;373824;373854;373947;373731;374381;374141;373863;374045;374628;373909;374133;373745;373770;375112;374540;374233;374078;373882;373849
ERR1602654.fastq;612481;632495;661083;613067;614150;617497;624703;614137;616256;623917;627890;643215;616472;620354;633973;620755;638645;620547;616607;612441;617715;617088;625283;615245;622615;630674;647489;652960;631824;612670;611891;614670;611430;637017;624072;613803;630711;650528;616868;624830;612366;613973;635086;622016;618243;614077;611814;611098
ERR1602668.fastq;882070;910073;953348;882817;884491;889280;900691;884148;887433;898449;903348;929398;886787;892328;910919;892719;920654;894192;888370;881466;889067;887740;899132;885799;894472;905621;928071;943014;909033;882113;881078;884031;880011;913545;895623;883664;905700;934265;887992;900248;881734;883952;916911;896334;889970;884686;881248;879798
ERR251344.fastq;2190887;2253613;2339672;2193628;2197411;2208213;2228800;2199207;2205858;2237799;2242080;2293012;2208919;2222030;2268453;2232344;2294796;2231472;2214357;2191498;2224060;2208260;2261498;2211993;2229869;2255778;2310723;2370623;2286881;2198714;2193839;2202740;2189030;2283137;2240764;2201894;2248462;2301246;2206577;2236098;2190065;2196559;2285924;2238289;2225429;2204644;2193410;2188407
ERR1602657.fastq;871577;898322;941948;872247;873832;878406;889110;873351;876446;886543;892015;920301;875808;881841;901129;881202;914585;884430;877848;871177;878082;876554;887530;874877;882795;893571;917314;934259;897389;871547;870401;873577;869687;905290;884669;873009;895272;928514;877002;888348;871446;873136;905214;883906;878214;873422;870364;869270
ERR1602652.fastq;961538;991234;1040032;962492;964425;969323;980398;963707;966823;978583;983190;1011445;966951;973141;995258;973792;1007531;974776;968092;961351;968542;967462;979062;965361;974484;986224;1011808;1026144;988637;961716;960343;964228;959812;1000538;977644;963084;988032;1023953;967920;980296;961436;963483;999855;975656;969443;963955;960787;959229
SRR7171671.fastq;216430;216546;217271;216459;216422;216864;217025;216495;216584;216522;216532;216544;216464;216501;216557;216433;216930;216415;216443;216411;216757;216405;216616;216485;216426;216487;216539;217041;216813;216448;216412;216415;216408;216462;216445;216428;216728;216825;216488;216589;216562;216799;216628;216517;216514;216411;216506;216476
ERR1602655.fastq;738066;761042;797780;738752;740034;743896;752465;739601;742307;750548;756287;779272;742236;747077;762899;747232;775588;749581;743928;738091;743806;743181;751743;740834;749111;758721;780624;790903;760796;738327;737102;740359;736820;769517;750894;739079;759504;789636;743096;752813;737972;739730;768976;749384;744393;739728;737499;736237
SRR7171673.fastq;404002;404516;405241;404018;404084;404138;404314;404003;404005;404211;404113;404350;403926;404008;404122;404223;404576;404165;404091;404087;404228;404237;404361;404091;404360;404608;405008;405146;404505;404040;404030;404030;403948;404377;404247;404084;404300;404711;404080;404352;404014;403979;404965;404617;404382;404218;404100;404005
ERR251345.fastq;2663083;2740249;2859716;2665488;2671228;2685374;2710361;2673119;2681701;2719527;2722047;2783595;2684821;2700446;2765699;2712365;2803819;2709666;2691792;2661439;2704429;2681516;2748550;2687084;2703710;2733317;2794060;2882456;2771437;2671166;2666658;2676802;2659729;2771143;2715871;2675917;2728289;2803324;2681523;2716743;2660638;2668009;2772146;2717068;2704477;2680268;2664397;2658933
SRR7171679.fastq;65926;66033;66441;65936;65952;66016;66216;65935;66198;66326;66230;66326;66081;66418;66421;65986;66107;66043;65948;65930;66046;65951;66507;65957;66013;66089;66242;66335;66181;66042;65946;65940;65895;66256;65963;66011;66164;66312;66055;66120;65953;65914;66109;66115;66005;65978;65940;65923
SRR7171670.fastq;412126;412554;413339;412188;412223;412305;412510;412118;412123;412328;412282;412469;412123;412145;412356;412368;412758;412363;412224;412210;412361;412314;412620;412265;412490;412792;413111;413351;412675;412235;412189;412247;412098;412694;412407;412234;412445;412869;412221;412543;412106;412195;413344;412718;412570;412410;412253;412198
ERR1602662.fastq;791357;816007;855070;792031;793635;797801;807082;793115;796113;805383;810458;835941;795763;800861;818365;800564;829254;802886;797347;790902;797644;796047;806345;794346;802085;811809;833317;847609;814906;791347;790515;793205;789615;822117;803260;792669;812639;841182;796388;806978;791185;792799;824557;804103;798454;793382;790657;789627
ERR1602665.fastq;577358;596531;623137;577896;578973;582289;589036;578820;580978;588316;591722;606614;580781;584906;597612;584023;601529;584662;581208;577303;582723;581871;589793;580063;586774;595370;610801;616400;596875;577630;576640;578786;576024;597775;587156;578626;594355;612989;581485;588900;577198;578769;599022;586638;583089;579007;576855;575791
ERR1602659.fastq;759723;785134;820521;760573;762432;766563;775781;762090;764948;775701;780278;800330;764304;769068;785034;769808;789771;769366;764592;759604;766509;765029;775647;763452;771077;781456;799611;809339;783657;760008;759086;762051;758141;786009;772717;761615;782044;803929;765315;775724;759697;761910;785473;770657;766476;761658;759046;757611
