accession;TCCATx4;TGGAAx4;CATTCx4;CATTCx5;ATGGAx8;ATGGAx5;ATGGAx4;ATGGAx6;TGGAAx6;ATTCCx6;TGGAAx7;TGGAAx5;ATTCCx7;ATTCCx9;TGGAAx9;TACGTx5;AATGGx4;AATGGx9;AATGGx8;AATGGx7;AATGGx6;AATGGx5;GGAATx7;GGAATx6;GGAATx5;GGAATx4;GGAATx9;GGAATx8;TCCATx6;TCCATx5;ATTCCx4;GAATGx5;GAATGx4;GAATGx7;GAATGx6;GAATGx8;TTCCAx4;TTCCAx5
SRR013247.fastq;4189;4206;4241;4681;6125;4648;4184;5128;5146;5193;5660;4674;5656;6650;5404;4549;4224;6503;6159;5596;5173;4687;5635;5170;4701;4244;6659;6179;5095;4654;4226;4715;4252;5696;5162;5919;4200;4667
SRR013216.fastq;4340;4361;4339;4727;5760;4736;4338;4971;5167;5124;5506;4753;5545;6409;6270;4725;4364;6151;5880;5418;5107;4693;5598;5117;4769;4387;6281;5981;5078;4728;4403;4761;4390;5447;5170;6004;4367;4719
SRR013248.fastq;3914;3969;3921;4145;4992;4191;3935;4457;4464;4415;4691;4185;4637;5190;5249;4114;3984;5253;5015;4706;4448;4207;4752;4471;4213;3986;5268;5006;4263;4152;3932;4241;4016;4768;4485;5036;3873;4110
SRR013227.fastq;5837;5843;5878;6555;8534;6553;5855;7141;7188;7219;7929;6557;7899;9132;9059;6383;5866;9228;8616;7945;7227;6521;7923;7245;6567;5915;9290;8615;7126;6481;5877;6593;5919;7927;7237;8653;5840;6509
SRR013236.fastq;3797;3883;3869;4321;5594;4301;3844;4692;4787;4720;5225;4320;5196;6138;6058;3940;3872;5999;5679;5068;4718;4316;5247;4803;4355;3950;6170;5697;3861;3888;3878;4340;3912;5235;4773;5695;3839;4265
SRR013231.fastq;4764;4726;4746;5253;6859;5251;4735;5779;5837;5856;6386;5278;6373;7561;7455;5277;4751;7475;6899;6334;5771;5288;6437;5880;5317;4817;7513;6959;5737;5336;4808;5347;4837;6392;5875;6966;4740;5264
SRR013242.fastq;5451;5471;5482;6172;8342;6162;5424;6800;6889;6942;7681;6203;7693;9113;9095;6136;5478;9018;8418;7655;6821;6219;7714;6939;6215;5498;9099;8443;6878;6147;5490;6218;5514;7678;6937;8416;5473;6132
SRR013213.fastq;5182;5168;5184;5864;7709;5788;5142;6390;6493;6551;7228;5841;7247;8608;8627;5818;5179;8051;7961;7218;6499;5860;7136;6532;5849;5198;8651;7890;6542;5857;5231;5876;5214;7245;6522;7966;5159;5810
SRR013218.fastq;4650;4718;4678;5115;6314;5100;4677;5505;5572;5542;6002;5140;5962;6837;6865;5019;4706;6796;6431;5959;5555;5102;6022;5564;5142;4765;6900;6452;5443;5014;4710;5148;4761;5994;5559;6457;4647;5081
SRR013235.fastq;4489;4532;4492;4989;6552;5010;4481;5417;5507;5536;6071;5006;6063;7101;7071;4940;4515;6877;6619;6031;5539;5024;6053;5497;5027;4534;7049;6615;5506;5004;4507;5060;4548;6042;5501;6575;4453;4948
SRR013207.fastq;4493;4614;4542;5044;6666;5063;4544;5586;5622;5571;6161;5109;6109;7137;7188;3702;4575;7164;6638;6137;5595;5068;6162;5637;5133;4677;7229;6690;5433;5022;4550;5131;4660;6156;5619;6687;4517;4998
SRR013219.fastq;4333;4327;4329;4635;5957;4733;4311;5044;5143;5157;5569;4751;5533;6345;6307;4685;4350;6380;5949;5532;5127;4716;5566;5159;4748;4393;6388;5967;5062;4687;4371;4775;4386;5570;5145;5994;4324;4700
SRR013230.fastq;3999;3971;4023;4269;5026;4194;3938;4417;4500;4575;4778;4250;4816;5372;5329;4220;4011;5280;5049;4793;4496;4241;4822;4565;4256;4060;5332;4942;4516;4251;4052;4287;4020;4804;4559;5069;4002;4249
SRR013211.fastq;6256;6308;6245;6948;9189;7007;6261;7586;7757;7497;8433;7001;8414;7416;9942;6637;6319;9991;9245;8444;7746;7035;8496;7759;7036;6330;9911;9222;7535;6984;6278;7049;6371;8499;7754;9237;6238;6967
SRR013221.fastq;6684;6710;6726;7602;10252;7591;6715;8515;8509;8452;9382;7619;9414;11226;11214;7476;6720;11156;10337;9445;8537;7587;9443;8528;7629;6722;11247;10367;8458;7478;6733;7632;6737;9430;8522;10341;6717;7539
SRR013226.fastq;3799;3809;3863;4193;5048;4135;3804;4483;4511;4498;4873;4183;4889;5545;5427;4102;3852;5593;5297;4884;4519;4192;4935;4554;4200;3886;5668;5261;4421;4142;3873;4204;3868;4913;4541;5274;3817;4156
SRR013214.fastq;5033;5002;5012;5452;6678;5451;4996;5865;5917;5927;6336;5428;6429;7314;7172;5410;5004;7253;6757;6261;5854;5404;6437;5929;5484;5058;7347;6874;5914;5474;5066;5501;5077;6435;5981;6911;5025;5464
SRR013220.fastq;4967;4965;4991;5484;7154;5513;4944;6088;6045;6082;6617;5518;6629;7739;7563;5521;4964;7635;7140;6626;6068;5475;6560;6098;5519;4998;7754;7218;6092;5481;5001;5523;5003;6654;6052;7246;4921;5505
SRR013205.fastq;5722;5748;5762;6588;9117;6460;5721;7300;7458;7480;8294;6546;8334;10058;9585;6489;5734;9746;9047;8190;7443;6613;8339;7438;6575;5770;10028;9152;7408;6565;5779;6593;5756;8314;7461;9201;5717;6549
SRR013229.fastq;3719;3747;3749;3949;4556;3942;3697;4058;4225;4227;4405;3969;4426;5012;4931;3964;3742;4936;4700;4424;4202;3939;4470;4245;3999;3796;4997;4763;4093;3958;3777;3977;3754;4444;4242;4589;3739;3938
SRR013200.fastq;4817;4840;4836;5393;6998;5417;4796;5845;6076;6027;6747;5474;6676;8047;7662;5437;4812;8008;7424;6672;6054;5388;6813;6112;5462;4853;8080;7370;6060;5486;4856;5461;4855;6738;6116;7356;4825;5459
SRR013202.fastq;5587;5620;5596;6387;8484;6379;5621;7039;7168;7138;7892;6369;7908;9428;9337;6230;5663;9492;8643;7906;7163;6430;7964;7186;6444;5673;9510;8729;7042;6342;5644;6423;5677;7955;7174;8696;5628;6329
SRR013246.fastq;4789;4837;4793;5237;6526;5252;4811;5631;5728;5552;6178;5299;6098;6880;6791;5242;4832;6548;6659;6147;5735;5282;6202;5771;5285;4851;7134;6643;5669;5212;4807;5275;4859;6211;5733;6668;4783;5053
SRR013249.fastq;5056;5140;5055;5687;7702;5760;5104;6403;6443;6313;7128;5821;7032;7946;8457;5666;5153;8482;7795;7099;6409;5753;7146;6457;5824;5205;8519;7807;6285;5669;5076;5778;5193;7123;6434;7817;5026;5680
SRR013237.fastq;4130;4379;4198;4498;5679;4522;4183;4906;4958;4873;5312;4643;5261;6053;6095;4212;4356;6070;5715;5319;4950;4620;5371;5033;4722;4549;6110;5751;4828;4443;4188;4682;4521;5359;5001;5729;4139;4472
SRR013201.fastq;4236;4222;4225;4690;6065;4630;4210;5044;5203;5220;5659;4699;5672;6701;6593;4657;4228;6689;6139;5694;5183;4686;5654;5192;4748;4291;6710;6192;5201;4692;4267;4729;4270;5705;5219;6211;4224;4707
SRR013240.fastq;2286;2409;2381;2753;3863;2296;2252;3144;3089;3044;3490;2813;3017;4248;3793;2772;2415;4327;3921;3571;2290;2765;3520;3209;2826;2387;3493;3919;2235;2679;2240;2789;2398;3568;2318;2926;1303;2762
SRR013223.fastq;4876;4959;4942;5324;6762;5411;4925;5727;5884;5765;6358;5447;6296;7062;7255;5140;4989;7340;6853;6362;5905;5427;6401;5922;5473;5003;7373;6870;5793;5160;4963;5449;5001;6411;5897;6884;4865;4662
SRR013234.fastq;3985;3999;3998;4370;4270;4345;3949;4697;4685;4759;5020;4358;5099;5835;5809;4283;3992;5743;5461;5108;4693;4356;5130;4630;4377;4023;5926;5421;4616;4336;4009;4396;4059;5140;4774;5517;3965;4272
SRR013244.fastq;5324;5363;5326;6003;8111;6050;5322;6681;6751;6694;7464;6047;7440;8423;8800;5763;5347;8656;8209;7484;6743;6045;7488;6748;6076;5355;8928;8162;6727;5981;5330;6056;5372;7453;6776;8173;5295;6018
SRR013208.fastq;8053;8065;8045;9094;12261;9093;8008;10090;10187;10202;11303;9117;11300;13493;13257;9055;8047;13399;12356;11236;10135;9097;11315;10240;9159;8136;13455;12414;10121;9104;8082;9170;8117;11327;10225;12416;8036;9114
SRR013241.fastq;3876;3912;3914;4305;5639;4328;3879;4702;4784;4780;5255;4348;5243;6072;6047;4254;3907;6023;5482;5249;4753;4364;5216;4811;4362;3926;6181;5734;4692;4323;3955;4369;3950;5284;4788;5699;3891;4331
SRR013204.fastq;5190;5276;5182;5966;8218;5984;5242;6750;6797;6791;7578;6043;7564;9098;9159;5882;5250;9041;8358;7560;6777;5995;7603;6784;6032;5326;9172;8399;6721;5916;5265;6039;5317;7576;6786;8354;5199;5939
SRR013225.fastq;4461;4542;4500;4911;6222;4905;4496;5331;5349;5326;5807;4943;5762;6482;6665;4839;4531;6631;6158;5799;5340;4915;5784;5397;4963;4579;6669;6271;5026;4861;4479;4957;4564;5792;5384;6261;4478;4744
SRR013243.fastq;4863;4912;4901;5517;6198;5457;4823;6172;6205;6196;6877;5544;6819;8151;8075;5430;4895;8095;7324;6833;6186;5550;6873;6176;5553;4915;8084;7486;6135;5500;4911;5558;4932;6831;6167;7472;4868;5519
SRR013245.fastq;3635;3693;3611;3894;4876;3991;3647;4311;4334;4127;4694;4018;4666;3757;5418;3932;3706;5326;5046;4706;4338;4017;4713;4369;4027;3698;5363;5047;4029;3967;3634;4029;3725;4711;4361;5053;3586;3873
SRR013210.fastq;7190;7280;7256;8147;11141;8202;7247;9145;9175;9159;10164;8235;10158;12093;12099;8127;7286;12092;11152;10207;9195;8206;10177;9227;8269;7320;12164;11205;9111;8180;7261;8254;7356;10193;9223;11194;7192;8117
SRR013224.fastq;4345;4443;4401;4978;6728;4977;4394;5550;5594;5484;6178;5014;6134;7147;7383;4774;4431;7314;6769;6147;5575;5002;6174;5616;5016;4468;7380;6799;5211;4885;4414;5004;4492;6185;5606;6772;4378;4942
SRR013209.fastq;7576;7617;7579;8518;11498;8527;7534;9525;9625;9598;10604;8598;10577;12646;12642;8414;7616;12524;11620;10655;9602;8613;10608;9627;8625;7637;12720;11701;9513;8513;7583;8596;7607;10582;9577;11655;7553;8566
SRR013239.fastq;4089;4126;4111;4486;5478;4477;4105;4878;4860;4875;5263;4509;5296;6061;6063;4426;4120;5992;5662;5290;4793;4498;5307;4907;4531;4171;6034;5698;4851;4487;4124;4508;4151;5281;4890;5672;4091;4458
SRR013206.fastq;4787;4779;4784;5232;6586;5174;4751;5532;5640;5676;6079;5218;6101;7059;7028;5198;4759;4740;6560;6091;5690;5222;6146;5682;5250;4814;7048;6619;5618;5133;4795;5214;4798;4395;5662;6605;4770;5185
SRR013238.fastq;4912;4998;4933;5586;7602;5610;4954;6279;6291;6208;6916;5646;6913;7815;8299;5358;4971;8305;7626;6889;6289;5617;6965;6310;5665;5016;8310;7664;6114;5553;4948;5635;5020;6961;6305;7619;4930;5490
SRR013232.fastq;4595;4584;4606;5093;5378;4995;4541;5525;5610;5663;6118;5070;6178;7129;7089;5090;4586;7195;6706;6062;5613;5096;6187;5656;5118;4640;7249;6698;5631;5097;4638;5138;4627;6150;5650;6644;4567;5087
SRR013228.fastq;5552;5570;5567;6280;8396;6226;5530;6910;7004;7059;7674;6274;7790;9281;9203;6217;5582;8975;8482;7798;7034;6290;7816;7067;6308;5635;9305;8580;7001;6263;5603;6316;5612;7842;7024;8551;5560;6284
SRR013222.fastq;6621;6632;6627;7625;10123;7583;6551;8579;8629;8623;9483;7628;9584;11511;11581;7543;6612;11587;10428;9482;8572;7601;9634;8620;7604;6641;11671;10643;8283;7574;6650;7632;6665;9648;8586;10427;6623;7593
SRR013203.fastq;5327;5310;5332;5927;7665;5914;5319;6523;6552;6579;7160;5909;7175;8414;8437;5787;5326;8289;7725;7172;6480;5930;7162;6558;5964;5362;8409;7801;6217;5908;5371;5961;5369;7133;6538;7772;5331;5916
SRR013233.fastq;4138;4126;4166;4533;4399;4469;4078;4841;4876;4955;5250;4501;5341;6117;5666;4544;4066;6103;5596;5289;4810;4394;5270;4906;4541;4163;6081;5698;4867;4519;4186;4539;4159;5300;4889;5633;4161;4543
SRR013212.fastq;5015;4990;5060;5684;7421;5577;4952;6168;6252;6353;6928;5668;6997;8399;8110;5576;5026;8306;7677;7012;6296;5674;6923;6276;5669;5021;8278;7513;6301;5659;5059;5662;5043;6995;6321;7665;5017;5666
SRR013217.fastq;5040;5026;5039;5571;7254;5516;5011;6120;6124;6174;6653;5546;6784;7847;7779;5542;5009;7764;7228;6770;6169;5545;6773;6201;5617;5060;7919;7109;6137;5578;5081;5595;5076;6768;6195;7367;5021;5580
SRR013215.fastq;5443;5459;5448;6138;8322;6150;5431;6831;6860;6883;7518;6165;7648;9125;8943;6071;5471;8975;8179;7509;6865;6168;7600;6916;6175;5489;9099;8333;6818;6161;5525;6208;5509;7652;6903;8370;5455;6142
