accession;AATGGx10;GGAATx7;GGAATx6;GGAATx5;GGAATx4;GGAATx3;GGAATx2;GGAATx9;GGAATx8;CCATTx2;CCATTx3;CCATTx5;CCATTx7;CATTCx4;CATTCx5;CATTCx6;CATTCx7;CATTCx2;CATTCx3;CATTCx8;CATTCx9;AATGGx9;AATGGx8;AATGGx3;AATGGx2;AATGGx7;AATGGx6;AATGGx5;CATTCx10;ATGGAx7;AATGGx4;ATGGAx9;ATGGAx8;ATGGAx5;ATGGAx4;ATGGAx6;ATGGAx3;ATGGAx2;TCCATx2;TCCATx3;TCCATx6;TCCATx7;TCCATx4;TCCATx5;TCCATx8;TGGAAx7;TGGAAx6;TGGAAx5;TGGAAx4;TGGAAx3;TGGAAx2;TGGAAx9;TGGAAx8;AAAAAATx2;AAAAATAx2;ATTCCx10;ATTCCx11;GGAATx10;GAATGx4;GAATGx10;TAAAAAAx2;ATTCCx4;ATTCCx5;ATTCCx6;ATTCCx7;ATTCCx2;ATTCCx3;ATTCCx8;ATTCCx9;GAATGx3;GAATGx2;GAATGx5;GAATGx7;GAATGx6;GAATGx9;GAATGx8;TTCCAx5;TTCCAx2;TTCCAx3;TTCCAx4;TTCCAx6;TTCCAx7;TTCCAx8;TTCCAx9
SRR7171680.fastq;9257;8655;8512;8110;8476;7673;7584;8798;8902;6546;6724;7218;7435;7855;7971;8175;8349;7436;7484;8831;8968;9321;8992;8030;8971;8934;8785;8507;8863;8124;8403;8597;8554;7844;7623;7723;7298;7324;7758;7547;7943;8365;7567;7929;8541;8868;8560;8211;8151;8577;8290;9156;8916;14507;11386;9479;9729;9572;8645;9170;6438;8278;8355;8694;8826;8566;8073;9442;9536;8277;8324;8690;8642;8766;8915;8889;8145;8012;7955;8041;8299;8670;8849;8828
SRR7171678.fastq;8250;9228;8467;8015;8240;7669;7794;10098;8797;7295;7211;7617;7836;7829;7938;7990;8898;7194;7077;8701;8533;9395;9412;8696;8456;9494;8505;8344;5589;8743;8747;8301;8556;7840;7565;8627;8029;7949;7731;7459;8606;8253;7849;7692;8910;9649;8370;8611;8902;8464;8529;9169;8720;15421;12484;9451;9143;9863;9076;8020;7942;7972;8551;8713;8952;7859;8096;9388;9469;8048;8107;8366;9628;8885;9358;8450;8513;7543;8070;8294;8011;8609;8575;3794
SRR7171682.fastq;16130;12964;12818;12390;12229;11301;10969;14159;14146;9689;9888;11063;11296;11521;12732;12367;13230;11077;11495;13247;13563;14426;13961;12432;12155;13743;13012;13509;13987;12261;12421;15009;14645;12646;11359;11637;11843;11810;11533;11155;13154;12569;12066;12280;12914;13336;13660;13025;12457;11967;11678;15227;13854;22674;16937;15285;14919;13329;13039;15992;10545;12347;12815;13065;13995;11754;11933;14361;14984;12211;12408;12843;12832;13385;14902;13989;13294;11842;12000;12744;13695;12939;13585;14532
SRR7171675.fastq;22158;26487;26803;25666;24855;21937;21616;30805;27036;23697;20892;23316;28790;25838;24960;29845;26737;24053;24507;27873;27684;28571;28670;23730;22919;29475;27005;26123;20490;28338;23983;29014;26789;26926;23072;24211;24754;24128;22701;22037;25896;29263;23223;25872;27726;26935;25051;27604;24745;24993;23815;30603;25659;40842;34561;31443;31691;30305;25513;27700;19984;26428;26802;27103;28688;23764;24809;31565;29310;22295;23207;26392;27284;26903;27980;28521;25214;23564;23471;25167;26599;27135;26889;27882
ERR1602651.fastq;101282;97749;97065;98051;105865;108240;133303;100266;99071;108034;94880;92715;94557;100860;95450;95245;95867;119577;101914;97413;98706;100560;100136;115066;156308;98440;98033;100224;100171;95263;108165;98386;97048;94133;95552;93839;99012;115503;126693;100892;94101;95151;96785;94812;97032;97119;97047;98267;102357;109848;130983;99788;98738;90671;90200;101596;102703;101187;107245;100605;89228;106950;99668;98872;99082;145827;113420;99972;101061;111307;141309;98810;97332;97109;99488;98637;95090;120997;101570;97973;94649;95493;97240;98518
SRR7171668.fastq;53304;48203;46578;45047;43681;41757;40527;51554;49755;39171;40661;43447;46978;44050;45111;46781;48475;40951;42140;49980;51242;51874;50349;42584;41784;48640;46995;45558;52380;47715;44076;50488;49191;44337;42983;45964;41368;40204;41124;42077;46520;48034;43548;45137;49956;48890;47356;45814;44217;43045;41834;51901;50375;53811;48906;53553;54914;52791;44141;52358;42830;44289;45596;47255;48868;41720;42830;50665;52148;42197;41291;45455;48428;46909;51292;50134;45702;41744;42740;44318;47104;48577;50191;51532
ERR251402.fastq;367014;345995;341970;337626;363479;352384;401627;361670;354156;381352;330117;322876;335394;357013;333726;336275;340244;395770;349598;349739;356848;360414;355053;371819;477829;345318;339466;341558;364749;335676;353481;354266;345828;325977;328631;327525;332468;387322;427900;343527;329846;337420;334926;329803;346770;342480;338333;338327;348690;368104;418044;358311;351369;292929;291497;372853;377819;367574;359776;364955;289047;393150;359933;357057;356672;504810;403241;363812;370371;361209;430487;336687;340789;335929;357010;349968;335928;394438;348873;348341;333154;339675;348538;355994
ERR1602656.fastq;106894;103639;103104;104319;113264;115699;140139;106121;104872;112227;99957;97615;99731;107579;101178;100839;101322;123469;108009;102822;104170;106209;105788;122158;164712;104449;103963;106137;105617;100433;115876;103697;102394;99339;101485;99083;105005;121341;131468;106262;99353;100641;102919;99758;102301;103037;103040;104796;109602;118532;139425;105433;104583;95523;94987;107626;108448;106877;115454;106220;93864;114289;106404;104890;105266;154862;122395;105908;107106;118918;145880;105148;103246;103297;105083;104397;101166;127116;108627;104830;100139;101170;102776;104095
SRR7171662.fastq;10065;9381;9276;8873;8915;8654;8509;9983;9910;7703;7839;8398;7938;8842;9075;9472;9218;8523;8524;9557;9850;10033;9823;8777;9747;9744;9489;9155;9752;8863;9494;9710;9523;9049;8283;8643;8114;8361;8486;8433;8752;9045;8517;8696;9354;9576;9559;9034;8956;8957;8972;9817;9842;16579;12602;10201;10285;9737;9658;9463;8329;9433;9369;10029;9666;9363;9141;10075;10158;9025;9297;8979;9338;9314;9620;9867;9438;8893;8823;9118;9150;9356;9572;9681
ERR1602666.fastq;68690;66848;66390;66914;73010;75193;89043;68265;67441;72414;64586;62448;64161;69742;65512;65180;65542;82867;71304;66528;67158;68185;68061;80109;105880;66981;66777;68430;68083;64531;74010;66832;65905;63979;65894;64012;68187;79989;84547;68583;63929;64654;66039;64157;65808;66436;66460;67861;71581;78231;93163;68078;67467;61570;61294;69062;69707;68744;74004;68414;60743;74216;68601;67783;67639;98018;78952;68257;68886;77790;96840;67874;66357;66366;67649;67324;65053;81843;69651;67778;64538;65172;66195;66970
ERR251347.fastq;366371;347831;343472;338766;369099;356986;409885;362173;354955;378052;332304;323246;335855;361318;333711;337801;341170;389045;352721;349917;356260;360455;356075;374373;476284;346585;341101;343090;363719;335959;357924;353441;345359;326048;329985;328039;332712;382035;417512;344272;330178;337757;337250;329886;346949;342490;338484;338737;350210;366813;415423;357928;351382;292544;286682;372859;376961;367013;365030;363886;285202;395495;360955;359477;358413;502876;408322;365145;371494;361007;409997;338400;341628;336934;356629;350300;336523;390922;350252;350264;333292;339504;348758;355330
SRR7171677.fastq;53787;48780;47075;45429;44283;42150;40944;52191;50545;38968;40787;43155;47257;44450;45678;47174;48895;41253;42629;50576;52138;52221;50951;43207;42365;48998;47477;46017;53313;48156;44688;51057;49511;44768;43206;46416;41561;40440;41422;42471;46758;48809;44107;45169;50224;49403;47780;46224;44752;43242;42000;52332;51008;54214;49698;54217;54932;53649;44605;52477;42811;44816;46199;47928;49510;42256;43347;51140;52918;42720;41657;45901;48836;47228;51991;50199;46263;42147;43378;44857;47607;49255;50901;52250
ERR251379.fastq;514127;487464;482415;476405;520528;502760;585372;507850;498180;529141;467100;453397;470736;509952;468303;473147;478542;545279;494909;490670;499419;505718;500017;524063;669445;486578;479681;481944;509742;470246;508692;495406;484247;455686;463150;459654;466817;532908;584085;486143;463859;473755;474951;462313;486982;479218;473857;475450;489847;511723;581349;501157;492117;405400;393308;523071;528423;514458;515316;510378;394573;554181;506605;503144;502646;704904;574117;513171;521737;504155;561006;475194;479058;473956;499587;491032;474174;556614;494418;491502;467638;475731;488816;498247
SRR7171666.fastq;33722;33248;34200;28664;29966;28726;27350;32577;31921;23335;23820;25940;29313;30081;30156;33508;31161;27576;27996;34327;35352;34097;33449;29575;29177;35362;30459;31586;32858;30725;30773;31280;31269;27463;28806;31452;27924;26786;26063;26566;28821;29963;27860;29546;29109;34705;32400;32068;30934;29750;28547;29499;34548;39341;34283;35129;28017;35455;30597;30484;24480;28471;31108;32731;32090;27754;28783;36044;37841;28052;27514;31650;34532;32118;32631;31434;29382;27632;27235;28692;31672;33357;33011;31820
ERR251346.fastq;368856;348719;344152;339806;366955;356211;407808;364077;356719;382489;331334;324961;337202;359759;334885;338241;342117;395756;350693;351493;358671;362599;357507;374530;481876;347864;341739;342798;366631;337414;357029;356118;347753;327301;330835;329908;334524;389513;428735;345300;331952;338934;338826;332371;349139;343916;339292;339610;350339;367256;416389;360349;353136;294336;292026;375432;379838;369871;365394;366687;289740;396761;361076;358553;358756;507361;407763;366420;373075;364534;431264;340237;343378;338566;359110;352118;338012;395666;351106;350830;335510;341429;350925;357956
ERR251404.fastq;426336;403092;398785;394104;426862;414979;480635;420418;412324;437026;385369;374700;389738;419429;388114;391184;395852;454383;409439;406248;413984;419313;413748;433829;555301;403123;396565;399481;422569;390020;419752;410795;401316;378714;383785;381279;386111;443147;485642;401742;383845;392498;393001;382962;403145;397693;393490;395360;407984;428476;488778;415768;407813;339678;337031;432982;438252;426576;424089;423013;330967;457219;419006;416071;416046;584671;473668;423683;430830;416841;470602;393095;396366;391867;414297;406549;392517;462732;410372;407302;387945;394345;405466;412896
ERR251327.fastq;241909;228879;225753;223553;241653;236637;274202;238648;234042;248795;220433;213108;221783;237458;220355;222320;225109;259843;233142;231037;235314;238293;234947;246828;309752;228657;224082;225498;240213;221519;237924;233556;228169;214445;217910;216367;220488;251222;274081;228699;217921;222862;223272;217055;229233;226550;224271;225350;233685;246585;282264;236754;232344;193069;190190;246107;249025;242366;239826;240461;190147;260176;237799;235344;235868;332190;270680;240738;244862;237437;269392;223571;225495;222305;235626;231029;222515;262429;233365;230879;220012;224206;230280;234940
ERR251377.fastq;364409;343004;337982;333672;360004;349325;407289;358550;351492;380743;328179;320259;333145;355179;332145;333636;338620;406917;349722;347421;354400;357815;352605;365749;473770;343094;336602;338133;361823;333082;353517;351600;343134;322365;325540;324870;329028;384064;436764;342904;328154;335479;334720;327795;345468;339697;335242;335600;346149;365480;420811;355686;348710;291301;287767;369860;374746;364659;358947;362077;284859;386600;354364;351593;353037;500892;398233;360785;367276;358055;433350;335338;338459;334074;354673;347460;332934;400544;347156;343978;330447;337076;346378;353333
ERR1602661.fastq;99497;96143;95548;96290;104041;106731;132284;98539;97243;106275;92960;90997;93020;99326;93713;93617;94230;118248;100084;95806;96921;98666;98150;113338;153541;96603;96291;97955;98442;93424;106079;96630;95254;92240;93520;92080;97189;113235;125126;99281;92482;93619;95506;93069;95399;95390;95008;96168;99857;107516;127329;97842;96854;89132;88775;99797;100887;99415;106390;98895;87808;104306;97804;96708;97223;142964;111577;98199;99174;110067;139966;97332;95875;95648;97905;97004;93255;118074;99514;95543;92887;93820;95480;96661
SRR7171663.fastq;32044;33101;31844;29032;30338;28378;27554;32286;31111;23191;24418;27313;26884;31531;27645;30755;32313;26938;27619;34375;29456;32943;31274;28581;28436;33464;30368;30397;33351;28896;29633;27993;20588;28807;26914;32016;25245;27145;26502;26804;29645;30376;29065;30215;30070;32484;33275;30036;30624;29313;28685;33217;33428;37973;34393;33461;25640;19753;29704;31286;27093;29386;30751;32572;31644;28016;28526;34266;35937;28315;28317;31268;32988;30701;33825;31657;29587;27884;29178;29305;29260;30100;34783;31520
ERR1602667.fastq;84167;81083;80691;81209;87702;91396;111547;83223;82225;91037;79246;77017;78584;83949;79493;79278;79728;102079;85653;80923;82008;83320;82841;95880;129861;81525;81041;82697;83284;79050;89605;81663;80462;78012;79589;77993;82629;96482;108340;85120;78279;79254;81300;78748;80805;81198;80526;82179;85927;94017;112812;83082;82074;75455;75026;84488;85317;83967;90145;83611;74242;88546;82727;81847;82127;123433;95817;83041;83925;94849;121702;82151;80850;80633;82644;82028;79151;101988;84789;81478;78554;79409;80803;81933
ERR1602655.fastq;86561;83405;82979;83787;90135;93971;115059;85586;84397;94139;81669;79345;80785;86814;81834;81387;82086;105302;88574;83295;84310;85740;85250;98731;133571;84035;83416;85380;85678;81152;92055;84009;82785;80089;81807;79931;84750;98681;111374;87258;80451;81546;83506;81032;83111;83369;83173;84663;88694;96407;116412;85475;84412;77551;77078;86879;87722;86411;92404;86039;76469;91332;85289;84219;84363;126693;98484;85514;86185;97191;125425;84577;83247;83109;85073;84364;81200;104760;87060;83973;80864;81496;82953;84194
ERR251380.fastq;510511;483806;478652;473422;516770;498863;582263;504030;494801;526701;465439;450377;467481;507266;465491;470269;474853;541451;491596;487253;495919;502470;495766;521402;665981;483417;476297;478382;506038;467113;505621;491859;480334;452495;459208;456377;463732;530306;580231;482708;460513;470449;472223;459384;483419;475822;471094;472484;486795;510470;578969;497891;488508;403554;397654;519299;524755;510457;513820;506465;364853;548697;503526;499657;499791;699608;571746;509727;518013;503017;558427;472148;475745;470479;496374;486881;470739;553544;491296;488807;465316;472518;485610;494792
SRR7171683.fastq;12544;11882;10923;10766;10728;10536;10069;12140;12538;9311;9727;9507;6558;11345;11917;11263;11719;10230;10296;11617;11596;12584;12836;10741;11071;11966;12045;11414;12426;11420;11011;11761;12061;10151;10145;11531;10989;11244;10503;10270;10673;10741;10754;11087;11838;12202;11469;11326;11111;11644;11354;12680;11522;20454;15526;12472;12948;11487;11246;11348;9851;11047;11458;11607;12234;10817;10673;12655;12091;10650;10722;11236;11754;11146;11645;12209;11175;10621;10872;10979;11289;11541;12160;12288
ERR1602658.fastq;109277;105561;104825;105353;113868;116135;143021;108158;106521;116573;102128;99845;102117;108462;102527;102609;103288;128307;108939;105077;106505;108211;107539;123396;168700;106010;105375;107705;108084;102445;115792;106115;104509;101381;102704;101185;106648;124762;139276;108661;101525;102825;104820;102210;104789;104671;104246;105204;109513;118201;139671;107338;106312;97854;97214;109597;110826;109173;115458;108555;96314;114926;107191;106306;106821;157502;121729;107851;109121;119904;154210;106151;104821;104559;107324;106338;102245;128148;108127;104879;101827;102942;104711;106298
ERR1602660.fastq;92038;88245;87670;88711;94964;98345;123138;90929;89545;100533;86419;84406;85785;91977;86754;86165;87009;113568;93735;88439;89659;91243;90390;103823;142138;88877;88307;89946;90968;86185;97070;89285;87891;85168;86051;84999;89502;105030;120451;92531;85485;86684;88568;86255;88218;88278;87770;89191;92667;99899;121324;90589;89626;82445;82138;92215;93213;91816;97504;91398;79104;96164;89753;88887;89472;136057;102433;90414;91611;102469;135797;89860;88425;87930;90346;89540;86152;112794;91901;88476;85645;86609;88211;89508
SRR7171665.fastq;39160;35149;33440;32934;31659;29540;28728;37627;35918;27111;28615;30825;33423;31401;32646;34030;34889;28168;29657;36275;37913;37770;37375;29839;29399;35849;34581;33356;37678;34244;32011;36563;36489;31401;29768;33260;29583;28229;28353;29048;32961;34529;30586;31950;35883;35553;33923;33057;31695;30935;29013;37734;36384;37727;34616;39803;40408;39197;31965;38877;26746;32051;32898;34544;36577;29663;30348;38662;38857;30466;28770;32493;35330;33849;38493;36561;32837;29214;30062;32169;33695;35669;36348;37167
ERR1602650.fastq;95954;92673;92350;93021;100741;103221;127102;95024;93873;101783;89620;87646;89687;95680;90458;90206;90795;113426;96765;92234;93504;95210;94791;109597;148021;93468;93219;95023;94899;90253;102710;93129;91881;89158;90681;88888;93630;109355;120423;96013;89239;90369;92567;89903;92096;92344;92136;93694;97616;105373;125507;94527;93702;85960;85525;96399;97262;95939;102570;95324;84467;101132;94751;93564;94011;139200;108271;94812;95880;105890;133351;93783;92515;92059;94363;93514;90431;115460;96677;93463;89882;90766;92122;93412
ERR251403.fastq;401155;386256;384648;382960;417736;409349;478377;397583;392385;435110;380740;363932;373055;411152;377043;377374;379236;450584;404278;386347;391658;397233;393910;428297;552756;385990;382459;387717;397734;372941;411746;388507;381837;367031;375964;367280;381050;441959;482882;395062;369546;376004;383972;371285;383870;380541;378925;382822;398754;422436;483632;393271;388048;336944;333679;408053;410301;401354;415056;397721;328620;448250;407977;401832;398854;581511;469425;404225;408544;411577;467743;382464;379654;377704;391901;387163;380399;460294;404426;398558;373376;377433;385564;390571
ERR251325.fastq;349751;336960;334451;332868;363935;356423;416985;346560;342001;378019;330939;317096;325353;356993;328679;328326;330118;394329;350789;336922;341511;345667;343327;372680;477361;336045;332172;336981;346697;325377;356930;338892;332796;319520;326347;319830;331307;381969;423050;344921;322434;328036;334593;324724;334676;332099;329589;334036;345551;365044;418641;343148;338438;294239;292320;355378;357627;349907;360760;347202;289605;391539;355871;349443;346791;507313;408857;352122;355632;358102;411377;332771;330717;328760;341375;337253;331775;399789;350510;345418;325357;329276;336054;340793
ERR1602664.fastq;111300;107326;106868;107474;116614;118981;144831;110415;108731;116582;103494;101368;103859;111440;105047;104909;105617;132266;112730;107192;108528;110304;109736;126639;171857;108092;107584;110061;110188;104563;118461;108128;106635;103191;105204;103265;108792;127212;139764;110590;103334;104747;106577;103807;106595;106813;106517;108006;112360;121863;144119;109461;108645;99745;99380;111667;112824;111123;118193;110567;98430;117383;109371;108509;109033;158500;123826;109890;111079;123275;157424;108575;107352;106782;109350;108549;104682;132735;111911;107938;104146;105013;106845;108200
ERR1602649.fastq;101131;97714;97244;97807;106064;108249;133995;100182;98899;108086;94852;92493;94543;101291;95327;95405;95813;120928;102207;97379;98577;100373;99823;114550;156078;98413;97883;99871;100070;95014;108031;98145;96708;93700;95177;93679;98277;114407;127326;100771;94097;95273;96931;94602;97026;97062;96646;98087;102097;110014;130079;99462;98534;90498;90176;101531;102532;101063;108809;100472;88983;106359;99394;98431;98937;145859;113113;99828;100887;111809;141696;99203;97535;97330;99439;98698;94992;119849;100949;97547;94382;95366;96870;98335
SRR7171664.fastq;36789;33610;32367;31751;30997;29821;29450;35861;34952;27772;28662;30768;32648;31432;31719;32816;33751;29606;29987;34780;35674;36128;35330;30953;31953;34313;33367;32466;36353;33213;31724;35221;34329;31311;30341;31854;29657;29086;29843;29607;32149;33246;30545;31410;34618;33776;32970;32071;31339;30678;30251;35802;35135;39175;35742;37175;38172;36675;31864;36191;29325;32071;32563;33497;34486;31562;31162;35842;36441;30515;30604;32164;34042;32898;35724;34981;31998;30633;30540;31677;32730;33668;34759;35927
ERR1602663.fastq;97512;94023;93660;94409;101947;104533;128277;96478;95243;103585;90932;89022;90871;97057;91922;91453;92307;114724;98114;93681;95006;96596;96239;111085;150374;94746;94152;96283;96371;91553;103950;94649;93333;90583;91921;90383;95241;111240;123323;97290;90513;91776;93437;91183;93396;93517;93139;94157;98619;106395;126640;96040;94901;87240;86994;97855;98820;97326;103459;96760;85869;102585;96058;94697;95256;141152;109353;96055;97176;107955;137880;94784;93647;93444;95687;94916;91491;116203;97609;94093;91000;91942;93402;94788
ERR251342.fastq;366760;346872;342306;337794;366154;354602;407569;361516;354778;376964;331730;322894;335533;359357;333517;336211;340616;392124;351780;349672;356581;360368;355886;373206;475997;346671;340765;343347;364162;336023;356764;353884;346077;326306;330886;328474;332938;385869;418061;344171;330208;337793;336800;329560;346905;342531;337845;338909;349855;365366;416483;358401;351452;291851;290238;372500;377312;367359;363610;364646;287104;395218;360416;358089;358134;503766;409283;364795;371245;361855;419880;338411;341698;336834;357060;350307;337177;395398;350884;349987;333468;339715;349029;356213
SRR7171674.fastq;55359;50320;48755;47004;45699;43516;42376;53898;52128;40864;42333;45597;49192;45810;47072;48609;50409;42462;44094;52255;53536;53926;52346;44399;43805;50959;49119;47397;55035;49482;46117;52711;50444;46338;44580;47525;43011;41747;42783;43705;48355;49786;45357;46889;51715;50779;49022;47643;46040;44784;43270;54007;52445;55784;50887;55602;56964;55007;45969;54823;45214;46338;47785;49337;51163;43669;44620;52630;54406;43934;42851;47292;50568;48849;53728;51916;47684;43554;44650;46225;49086;50852;52380;53981
ERR1602653.fastq;68459;66624;66700;67469;73833;75789;89531;68161;67378;72684;64680;62509;63985;69422;65037;65009;65172;80132;70736;66144;66868;68047;67730;79954;105511;66856;66690;68661;67749;64642;74680;66534;65728;63954;65773;63860;68055;79527;85081;69072;63780;64694;66364;64036;65756;66407;66462;67819;71922;78464;92326;67740;67302;61295;60918;69097;69489;68598;73991;68036;60236;74920;68960;67812;67791;99240;80292;68265;68900;77130;94886;68038;66615;66262;67359;66992;65386;81095;70080;67929;64487;64884;65886;66698
ERR251401.fastq;366618;345826;342477;338164;364067;354398;403496;361410;354247;383494;331164;323188;335224;358058;333946;336928;340061;398242;350293;349454;356725;360027;354944;371976;478831;345229;339946;341865;364755;335427;353695;354264;345781;325689;329083;328772;333957;389260;430667;343788;330366;336868;336239;329865;346756;342271;338718;338395;349151;369530;421021;358362;350962;293571;291815;372502;377753;367398;360681;364654;287846;393309;360221;358087;355772;505034;404478;363147;369589;362351;429559;336790;340021;336766;356924;349870;336800;397149;349985;349780;333534;339287;348524;356107
SRR7171676.fastq;43115;39937;39252;38617;40337;37886;40585;41895;41257;34489;34180;35982;38413;40445;39167;39569;40061;42805;39465;41063;41867;42723;42043;44259;56928;41546;40860;41461;42574;38997;43020;41372;40346;37434;36948;38215;37177;39725;46483;38879;38677;39487;39143;38172;40391;41209;40804;41136;42310;45291;50911;42426;41696;41078;36849;44290;44356;42782;43510;42652;33938;46017;42886;42695;42979;59415;48017;43817;44446;41662;49415;40273;40443;40019;41917;41458;41238;51081;43510;43114;40201;40692;41248;41947
ERR1602657.fastq;102284;98739;98199;99047;106906;110127;136171;101336;100085;109146;95551;93324;95468;101558;96173;96009;96765;121156;102775;98206;99609;101511;100925;116439;157821;99344;98683;101015;101134;96094;109476;99350;97894;94784;96154;94756;99943;116993;130453;102535;95218;96398;98200;95620;98038;98267;97767;99156;103153;111685;133183;100555;99645;91574;91095;102643;103736;102136;108713;101631;90431;107894;100689;99730;100109;150131;115505;100894;101994;113387;144385;99606;98538;97983;100443;99553;96017;121079;102010;98568;95193;96346;98033;99421
ERR251326.fastq;352341;338873;337118;335478;367000;359867;420674;349421;344678;381264;333006;319423;327523;359132;330247;331140;332737;396838;352827;338993;344135;348338;346040;375628;483965;339431;335483;339556;349354;327711;359592;341461;335495;321984;329085;322089;334089;385970;424771;346663;324544;329841;336129;326731;337038;334050;332189;336338;347864;367506;421954;345801;341141;296374;294120;358045;360353;352657;364662;349863;289973;393702;357765;352419;349704;511399;410908;354705;358264;361294;415631;335429;333232;331675;344217;339747;333905;400919;352961;347341;327408;331376;338215;343172
SRR7171672.fastq;27669;26489;22375;22599;22895;22070;21214;25576;23543;20397;20653;19534;20356;22788;21862;23558;22801;20829;21487;23899;24997;24952;25340;22821;21328;24288;22598;23430;25069;23113;23762;23171;17423;20872;21044;21390;20086;19951;19806;20177;22284;21509;20451;21500;23007;23202;23978;22693;20952;21337;19907;25353;23229;36244;30946;26005;25545;23694;22997;27395;21943;22043;23093;23189;25077;21427;22116;26317;25934;20854;20148;23046;23562;23882;23705;24525;23479;21041;21585;23842;25123;26007;24034;23660
ERR251348.fastq;361346;342209;338624;335278;364160;352964;404460;356906;349716;372593;328450;319452;331187;356213;330126;332892;336292;384188;347943;344916;351569;355255;351217;368462;471170;342065;336171;339577;358877;331114;352898;348672;340710;321766;325582;323685;327509;377199;410056;339330;325260;333171;332120;325430;342069;337752;333919;335103;345916;362747;410383;353013;346447;288643;287779;367918;372007;362069;360201;359040;280152;390495;357827;353773;353859;496674;403795;359775;365766;356928;403575;334617;336720;332784;351759;346008;332926;386007;345933;345074;328913;334728;344102;350417
ERR251378.fastq;363523;342294;337311;333079;358435;348909;406072;357849;350355;382327;327485;319026;332144;354356;331506;332816;337518;404784;348281;346414;353333;356943;351693;365558;474237;342632;336077;337341;360877;332177;353056;350561;342379;321718;324843;324319;328517;383242;433731;341533;326754;335039;333700;326836;344065;338840;333784;335142;345003;364506;421124;355034;348062;290765;286805;368999;373873;363708;358074;361096;283694;384783;353231;351660;352526;499590;397709;359839;366348;357911;432214;335196;337724;332781;353525;346626;332134;399774;346408;343955;330044;335895;345223;352720
ERR251328.fastq;239855;226363;223435;220823;239598;233558;271173;236292;231588;246224;218026;210713;219530;235072;218446;219838;222856;257724;231236;228640;233128;235757;232239;243516;306184;226574;222401;223106;238205;219632;235124;231382;225959;212336;216123;214305;217557;248139;271538;227060;215752;221173;221376;214759;227142;224886;221750;222745;231691;243686;278472;234540;230375;191269;189393;243798;246766;240145;237387;238251;187098;257034;235683;233680;233555;329213;268858;238452;242470;234606;265131;221010;222828;220233;233124;228774;220156;260824;232160;228955;218121;222133;228019;232802
SRR7171661.fastq;8471;7804;7413;7196;7233;6677;6788;8418;7917;6115;6251;6793;7584;7331;7205;7673;7662;6833;6722;7872;8238;8322;8480;7660;8063;7996;7896;7563;8082;7713;7701;7896;7799;7159;6837;7224;6580;6750;7039;6843;7351;7538;6950;7248;7835;8029;7489;7477;7746;7218;7368;8444;7996;12769;9518;8933;8779;8405;7631;8156;6177;7571;7539;7581;8068;7455;7338;8302;8668;7422;7548;7432;7773;7977;8205;7945;7717;7334;7249;7324;7529;7722;7934;8168
SRR7171669.fastq;51911;46461;44822;43090;41565;39303;38025;50057;47972;36495;37955;41143;44240;41853;43454;44765;46594;38352;39904;48263;50419;50600;48997;40358;39388;47213;45221;43521;51125;45275;42028;49190;47622;42372;40633;43937;38797;37467;38497;39430;44642;46308;41264;42930;48800;47096;45283;43727;42114;40465;39053;50629;48914;49837;46187;52712;53469;51854;41893;51415;39574;42223;43624;45460;47182;39142;40301;49050;51123;39717;38690;43325;46699;44795;50188;48440;43813;39265;40600;42153;45249;47122;48974;50162
ERR1602654.fastq;71208;69359;69179;69736;75841;78252;92018;71032;70090;74813;67114;64983;66502;72677;68149;67747;68023;85818;74431;68977;69697;70811;70647;82860;109888;69670;69193;70981;70663;67160;76628;69318;68398;66534;68387;66389;70708;82773;87447;70902;66239;67132;68522;66382;68457;69040;69030;70572;74538;81037;96292;70638;70159;64011;63505;71955;72409;71315;76756;71013;62832;77210;71200;70289;70408;101765;82188;70836;71619;81075;99332;70351;68964;69013;70150;69828;67553;83886;72372;70163;66843;67688;68715;69596
ERR1602668.fastq;104166;100884;100730;101724;110464;113073;136840;103466;102337;109592;97274;95144;97302;104726;98312;98341;98854;120981;105337;100315;101658;103553;103232;119804;160795;101686;101074;103581;103158;97957;112711;101231;99796;96977;98779;96838;102036;118354;128093;103903;97035;98065;100370;97388;100120;100324;100244;102035;106482;115347;135512;102769;101883;93325;92590;105012;105696;104254;112266;103518;92233;111149;103366;102385;102536;150459;118762;103277;104527;115428;141709;102288;100594;100529;102522;101879;98973;124349;106050;101974;97807;98638;100306;101535
ERR251344.fastq;298762;281942;278265;275209;297504;292074;333327;294848;289001;307869;272663;263136;273853;292040;272082;274089;277724;323438;290753;285527;290986;293590;289331;303616;380006;282365;276455;277578;297157;273781;288482;288598;282203;264529;268568;267539;271967;308749;335116;281437;268715;275131;274015;267195;283090;280221;276409;277630;289556;305786;351052;293474;287655;238780;237395;303899;307935;299496;295799;297430;234341;321236;293458;291098;290683;410961;336917;297219;302033;298460;341570;275938;278774;275594;291648;286181;273990;326229;288273;285106;272416;277092;285025;290749
ERR251329.fastq;338276;318642;314560;310858;334671;327554;380256;333073;326539;344006;303806;297146;309461;328716;307003;309154;313358;359687;322115;322063;328515;333015;328498;342118;437643;319576;313764;316201;335545;309366;332325;326418;318755;300275;303760;302101;306058;351003;385043;317669;304506;311583;310933;303670;320421;315255;311168;311976;321487;336566;385982;330282;323776;269322;268731;343549;347657;338220;332982;335940;263554;360383;331166;328347;328686;464221;374914;335879;341627;330324;377160;311434;314604;310351;328991;322991;309355;365923;322842;319665;306519;312595;321496;328038
ERR251343.fastq;304107;286941;283053;280325;301758;297702;338756;300121;294265;313379;277108;268340;278566;297106;276849;279077;283076;327843;295615;290448;295968;298755;294777;308999;386213;286926;281308;282330;302459;278980;293673;293744;287110;269264;273651;272025;275940;314554;340559;285655;273481;279901;278292;271897;287977;284834;281571;282052;293867;310705;355027;298610;292553;242849;240348;309219;313398;304711;299984;302696;239380;325362;298546;296182;296234;418273;341531;302696;307560;302456;347015;280369;283427;280106;296517;291213;279002;329865;293485;290347;277341;282119;289732;295958
ERR1602652.fastq;113967;110110;109698;110310;119582;121682;147441;113095;111718;120355;106368;104065;106414;114782;107710;107648;108281;136530;116127;109909;111373;113174;112540;129735;176035;110988;110423;112823;112924;107269;121402;110705;109239;105813;107925;105727;111615;131247;143525;113256;106190;107469;109073;106427;109211;109834;109379;110953;115476;124720;147806;112465;111393;102143;101612;114523;115657;113981;121299;113470;100204;120063;112040;111361;111583;162145;127136;112723;113847;126530;159953;111413;109921;109472;112202;111287;107434;135846;114138;110430;106755;107691;109565;110961
SRR7171671.fastq;28276;23965;25540;25309;23474;22256;21085;27838;24641;20333;19825;24262;22708;22250;23142;23151;25228;20186;21124;23476;26480;27370;26887;22361;22766;26278;24422;26270;18008;24199;25158;20254;24499;22856;22644;23807;21952;21235;22289;20685;23012;24340;22351;21545;23989;25277;24184;22905;22107;21757;21035;29176;26792;40062;31609;27295;29135;28229;24041;25158;19359;24159;25845;25439;25702;22491;23309;27313;27416;23042;22048;24214;27698;27297;28120;24687;23002;21487;22150;23376;25778;26522;24594;25132
SRR7171667.fastq;51809;47104;45713;44106;42829;40898;39566;50274;48866;38308;39874;42289;46032;43011;44340;45516;47349;40039;41302;48940;49713;50844;49343;41550;40747;47521;45820;44582;51187;46343;43166;49446;47995;43321;41586;44764;40189;39079;39997;40922;45613;46773;42462;44012;48698;47727;46150;44741;43257;41703;40509;50531;49256;52344;47473;52102;52730;51586;43059;51166;41953;43231;44528;46062;47957;40547;41602;49539;51193;41131;40131;44222;47252;45641;50183;48917;44642;40480;41666;43289;46089;47699;49232;50556
SRR7171673.fastq;52835;48127;46665;44979;43867;41791;40631;51298;49924;38703;40415;43257;46466;43932;45109;46776;48165;40711;42189;49738;51154;51329;50197;42749;41919;48578;47063;45481;52634;47314;44129;50180;48802;44105;42711;45875;41422;40034;41042;41949;46111;47821;43563;44744;49356;48858;47185;45792;44228;42920;41633;51666;50060;53152;48985;53551;54435;52179;44193;51818;43038;44255;45730;47122;48829;41797;42711;50499;52123;42268;41257;45265;48521;46509;51120;50099;45667;41563;42955;44329;47158;48433;50138;51241
ERR251345.fastq;364345;344483;339579;336343;362404;353059;402801;359398;352114;378218;328673;321001;333300;355215;331410;333933;337947;390329;346856;346850;354413;358397;353207;371281;478949;343753;337681;340029;362034;333735;353204;352133;343710;324371;327597;325802;331383;384878;423045;340630;327351;335278;334588;327950;344559;339677;335201;336144;346526;364342;413273;356026;349045;291306;289975;370636;375574;365304;359606;362283;285695;391461;359125;353618;354263;501696;402503;361357;368689;359307;422544;336158;338863;334435;354505;347451;334890;391345;348066;347307;330783;337124;346335;353562
SRR7171679.fastq;9288;8265;7636;8041;7860;7320;7071;9211;8761;5941;5963;6280;7326;7143;7284;8148;7699;6965;6652;8030;8266;8744;8246;6917;7235;7996;7714;7640;8202;7938;7689;8105;8826;7597;7420;8554;7593;7203;6682;6963;7239;7683;6971;6925;8696;7965;8071;7356;7255;7033;6939;8701;8272;13427;9929;9863;9467;8670;7484;8495;6150;8126;7718;7731;8363;7092;7223;8860;8757;7181;7045;7764;8086;7482;8052;8579;7468;6696;7084;7211;7654;7886;8368;8648
SRR7171670.fastq;57035;51091;49135;47021;45694;43306;41626;55195;53393;40234;42099;45598;50108;45818;47647;49363;51122;42130;43738;53457;55102;55319;53547;44081;42971;51714;49687;47817;56741;49959;46183;53496;52377;46546;44847;48197;42723;41401;42250;43611;49008;51277;45311;47264;52984;51848;49921;47854;46135;44542;42715;55348;53711;54572;51055;57528;58414;56116;46244;56233;43305;46460;48013;49952;51956;43039;44313;54131;56120;43804;42417;47510;51186;49575;54830;53180;48173;43004;44412;46383;49829;51780;53646;55133
ERR1602662.fastq;92738;89598;89248;90211;97450;100486;123937;92008;90788;98642;86722;84775;86550;92625;87295;87305;87767;110108;93282;89285;90387;91972;91569;106040;143069;90201;89772;91904;91662;87175;99152;90066;88790;86106;87815;85947;90880;106355;117247;92907;86341;87375;89404;86815;89008;89066;88840;90144;94148;101839;121311;91298;90459;83060;82566;93196;94038;92665;99047;92082;81946;98413;91746;90484;90841;135607;104938;91558;92763;102670;129179;90487;89350;88931;91132;90267;87473;112549;94126;90514;86776;87780;89150;90231
ERR1602665.fastq;67204;65472;65328;66011;71881;73812;87233;67023;66245;70932;63444;61392;62859;67584;63814;63631;63992;78391;69242;64926;65638;66839;66814;78624;103759;65878;65482;67326;66693;63497;72603;65461;64577;62745;64334;62705;66989;78227;82147;66744;62535;63434;64763;62720;64523;65281;65320;66907;70338;77462;91420;66699;66114;60297;59766;67771;68260;67281;72466;66926;59281;73361;67761;66574;66610;97021;78969;67088;67570;76446;93609;66521;65175;65275;66344;66013;64038;79639;68722;66649;63351;63758;64885;65592
ERR1602659.fastq;89111;87171;86858;87759;96564;99183;117283;88839;87988;94702;84251;81577;83367;90666;84855;84481;84845;102958;91615;86115;87093;88588;88403;104044;137477;87297;87201;89380;88257;84044;96646;86695;85616;82999;85150;82961;87961;101980;106721;88260;82936;84021;85439;83169;85483;86319;86263;87841;91937;100362;116563;88032;87229;79813;79423;89724;90513;89419;96588;88690;78043;96509;89325;88223;88341;126294;102565;88690;89725;100951;120883;88128;86413;86676;87820;87405;84460;102421;89553;87328;83795;84313;85813;86769
