accession;CTCATCx2;AAAATAAAATGAx3;TCGTCAx3;TGAGCCx2;TGTGATTGAGGTTGTx2;ATTATx2;GGCCCCATGGGCATGx2;TAAAAAAx2;TATATTx2;ATATAAx2;CACACCACACCCACAx2;TAGTACTATx3;CACACCACACCCACACCCAx2;ACACACACCACACCCx2;AAGAAGGAAx3;CACACACx2;ATTTATTx2;CACACACCACACCx2;CACACACCACACCx3;CACACCCACACACCACACCx2;TAATAx2;GTGTGGx2;GTGTGGx3;GTGTGGx4;CACACCCACAx2;TATATATx2;TATTTAx2;TATTTAx3;CAGAGGx2;GTCATCx5;ACCCACACACCACACCCACx2;CCACACCCACACACCACACx2;ATATTTAx2;TTCCTTTTGx3;ACCCACx5;ACCCACx2;ACCCACx3;ATATAATx2;TTGCTGx4;TTGCTGx3;TTGCTGx2;TGTGCTx4;TGTGCTx3;TGTGCTx2;CCACACCCACACAx3;ATAATAAx2;CACACACCx2;AACACx6;TTATAx6;ATATATAx2;CAACAACAGx2;ACACCACACCCx2;ACACCACACCCx3;ATATAGAATx3;GCACAAx2;CACCACACCCACACAx2;TCTTTTAx4;GAAAAGAAGx2;CCACACAx2;ATATTTx2;GCAACAx2;GCAACAx3;TCCTTCTTTx2;ACCCACACx2;CACACCx2;CACACCx3;CACACCx4;CACACCx5;ACAACAGCAx2;TTGTGCx4;ATATAAx3;ACAACCTCAATCACAx2;AATAATAx2;ACCACACCCACACACx2;TACTACTTTTAACAGx2;ATCTTCx3;AATAATACAx3;TTAATAx3;CACACCACACCCACACCx2;ATCCTCx2;AAAAAAATGx2;CTGTTGx3;CTGTTGx2;AATAGTACTx3;TATAATAx2;TTTTTCATTTTAx3;CACACACCACACCCAx2;CACACACCACACCCAx3;ATATTTx3;TGTTGCTGCx3;TGCTGTx5;TGCTGTx4;TGCTGTx3;TGCTGTx2;AAATATx2;TATATx2;ACAAGCx2;ACAAGCx3;AAGAAGGAAx2;CCACACCCACACACAx2;ATATTATx2;ACACCCACx2;CGAAGAAGACGTTCCx2;TCATCx6;GGTGTGx2;ACACACCACACCCACx2;ATCATTx2;GAGGATx2;CACACCCACACACx3;TCATCGx2;GGGAACGTCTTCTTCx2;TAATATAx2;GCTTGTx3;GCTTGTx2;TAATATx4;TAATATx3;TAATATx2;ATTCTATATx3;CACACACCACACCCACAx2;TATTTATx2;CAAGCAx4;CAAGCAx2;CAAGCAx3;CATGCCCATGGGGCCx2;CACACCACACCx2;CACACCACACCx3;CACACCACACCx4;ATGAAGx2;TATTATTx2;GTTGCTx6;GTTGCTx5;AATATAx2;CAACAGCAAx2;ACCTTGx2;ACACCCACACCx3;TTATGAx5;TTATTATx2;CACACCCAx2;CTTGTGx2;CCACACACCACACCCACACx2;AAGAGAAGCx3;TTTATAx2;TTTATAx3;GATGACx5;ATATTx2;CCACACCACACx2;CCACACCACACx3;CATCCTx2;TTATATx2;TTATATx4;ACCACACCCACx2;ACCACACCCACx3;TTTCTTTCACGTTCCx2;CTTGTGx3;GATGATGATGACGATx2;ATAATx2;AACAAAAGGx3;CACACCACACCCAx3;TCATCATCGTCATCAx2;TTTGTTx3;TGTTGCx2;TGTTGCx5;ACAGCAx2;CAGCAAx2;CAGCAAx3;CAGCAAx5;TCATAAx5;GCTTCTCTTx3;TCCTCAx2;AACAGCx4;AACAGCx2;CAGCAGCAAx3;CCACACx2;CCACACx3;CCACACx6;CCACACx4;CCACACx5;GCTGTTx2;CACACCCACACACACx2;CCCACAx2;CCCACAx3;CCCACAx4;CCCACAx5;ACACCCx2;ACACCCx3;ACACCCx4;ATTAATx2;ATAATTx2;GGATGAx2;AATAACx2;CACACCCAx3;TTCTTTTCCx2;AGCAACx3;ATAATGATAATGATAx2;TACAACAACx2;CACAAGx2;CACAAGx3;TTGTGCx3;TTGTGCx2;ATTATATx2;TCGTCATCAx2;TGTTGCTGTx2;CACCCAx2;CACCCAx3;TGTTGCx3;AAGCACx2;AAGCACx3;AAGCACx4;ATATTAx4;ATATTAx3;ATATTAx2;ATATATTx2;ATATTx4;TGTTGTTGCx3;CCACACACx2;TATCATTATCATTATx2;TAATAAAx2;TGTGTx6;ATAACAx2;ATTTATx2;CCTCTGx2;CACCACACCCACAx3;ATGAGGx2;TGAGGAx2;ATAAATx2;TGTTATTATx2;CCACACACCACACx3;GTGTTx6;TTAATAAx2;GATGAAx4;AGGAACGTGAAAGAAx2;TGGTTGTTGx3;AATATATx2;TATATTx3;AAAACAx3;CACACCCACACx2;CACACCCACACx3;CACACCCACACx4;ATAATATx2;AAAGATAx4;ATATAx4;ATATAx2;GTTGCTGTTx2;GTGTGGGTGTGGTGTx2;CACACACACCACACCx2;TATTATATTGATATTAAx2;TCATCCx2;GCCTGAx2;TTATATx3;GTGCTTx3;TATTAAx2;ACCCACx4;CACCACACCCAx2;CACCACACCCAx3;AAGGAAAAGx2;CCACACCCACAx2;CCACACCCACAx3;GTGTGGGTGTGx2;AATATTx3;AATATTx2;TTGTTAx2;AGCACAx3;TTTCTTCTCx2;CAGGCTx2;TTGTATTATx3;CAACAGx4;CAACAGx5;CAACAGx2;CAACAGx3;AGGATGx2;TATAAx5;TATAAx2;GATGAGx2;TTATTGx2;TGCTTGx3;TGCTTGx2;TCGTTGx2
ERR1309521.fastq;22496;35625;24925;22171;32916;25503;34379;26779;31486;30296;35607;28631;39210;30693;28482;20997;29676;27244;32981;37454;27338;21852;23183;23586;25459;32813;29905;30412;25913;31067;33203;39196;33081;30496;25032;25737;26337;31522;26430;27991;25319;20678;29640;26365;31645;31120;24634;28296;31130;31729;29412;28896;29898;27795;25230;32090;31330;30373;20129;31240;24332;23830;31011;25842;27084;26982;25650;25701;31778;28668;30640;32529;31439;33816;37261;23515;27210;30281;37598;21771;25201;26227;23643;28813;30055;35221;36664;28286;32709;29674;29055;29938;28128;27697;28961;27009;24376;23969;29512;34512;31215;24016;36349;25791;20170;34746;19939;24251;32616;23682;33792;30227;25604;24362;32351;30944;29351;27172;35784;30494;18543;25962;29355;34370;32494;33362;32850;21695;28941;23061;20145;32963;24955;21367;26869;24347;30484;29224;23701;27023;27891;29750;31065;30617;27048;27914;30498;21887;31340;33188;27368;29856;35660;24136;36996;24676;30736;32796;37104;26582;25574;22766;26222;24348;25788;26741;25786;27958;22961;25059;24776;29906;29012;29484;25056;29184;27276;23128;33049;24613;24180;17643;11901;27372;27986;22948;28112;26589;22836;22134;24997;30193;22295;32331;28118;24290;23168;24189;24467;29816;24334;31320;22755;23792;27466;23359;27366;28889;32110;31742;29662;29654;25225;27734;25250;33333;27864;26179;26278;30672;25266;33284;26692;21823;28408;28021;28432;26545;26982;23255;35117;26453;31320;31534;26610;30212;31723;31770;30684;31245;28191;28066;28996;31666;33417;46025;27518;25708;30592;24620;30014;24897;28051;28970;28708;29672;30935;16154;29765;28686;23271;24017;28938;26446;28244;27741;28275;27733;27833;21562;28700;27000;26005;26274;25772;22096;25424
ERR1308705.fastq;3815;7227;5029;5854;5791;6301;6739;4875;7247;7695;7985;6165;7672;7312;6985;4930;6290;6415;7410;8236;6178;6378;5689;5635;5868;8132;6634;6074;5265;6374;7986;8232;8006;6146;5524;6178;5951;6534;5952;5123;5605;5967;5761;5319;7761;6633;5570;5350;6756;7742;6334;6396;6032;6018;5234;6820;6580;6467;5567;6138;3998;4532;6603;5603;6186;5908;5773;4948;6028;6102;6324;6719;6248;7369;7929;5224;6052;6230;7967;4761;4726;4903;4760;5788;6180;7262;8319;6564;6332;6126;6277;4494;4847;6031;6185;6704;4706;4242;6156;7100;7722;5523;7465;4522;5876;7292;2705;4536;6712;3983;6589;6701;3721;3769;7028;6689;6538;5522;7511;6875;6058;4465;5578;6588;7222;7405;6333;3849;6107;6781;5370;6204;4596;3847;6277;5447;7341;6637;3783;7837;5451;5405;5565;6437;6113;5217;5271;3502;7286;7955;5911;6276;7158;4245;7785;5709;6269;6698;7765;5518;5109;4868;5106;5077;5734;4614;5214;5510;3628;3935;4801;6438;8146;6950;5966;6423;6116;4522;6569;5452;5439;4361;3859;5642;5379;4953;5757;5593;5081;4450;5194;6294;4108;6676;5945;3952;3347;4339;5075;6161;4948;5589;5324;4885;4951;4114;4824;6057;6407;6958;6806;6438;6309;5902;5700;6371;6021;4582;4676;6462;5322;7403;5320;4309;5867;5896;6480;4718;5735;3887;6552;4573;6826;6914;5432;7046;7027;6099;6744;6445;6474;6488;5902;7926;7366;10007;5878;4099;6388;4175;6501;5596;6069;5916;5566;6668;6605;6775;6134;6360;4433;3997;6778;5628;6050;3858;4327;5651;5271;4427;6500;5593;5531;4026;3821;3922;5616
ERR1308931.fastq;3402;6608;4599;5401;6236;5545;6148;4574;6540;6860;7278;5401;7086;6322;6317;4573;5751;6606;6217;7723;5610;5966;5730;5226;4964;7293;5927;5532;4817;5754;7656;8121;7263;5817;4266;5510;5067;5923;5363;4591;5079;5444;5265;4811;6836;6075;5217;5091;6105;6912;5425;5948;6077;5481;5071;6681;5901;5839;5246;5858;4849;4898;6065;5351;5852;5418;5148;4846;4810;5513;5627;6131;5599;6246;6977;4755;5354;5655;7314;4527;4421;5083;4649;5575;5488;6682;7659;6348;5687;5814;6124;4810;2744;5410;5683;6049;4070;1868;5528;6882;7038;5138;7048;3620;5271;6293;3350;4355;6230;3464;6672;6013;4241;4013;6302;6139;5877;4809;7182;6096;5718;4689;5182;6011;6748;6551;5681;4053;5511;6216;4138;5709;4575;3431;5282;4995;6584;6125;3566;7321;4950;4876;5093;5684;5618;5343;4212;3654;6435;6975;5636;5293;6859;3587;7254;5243;6007;6802;6864;4885;4804;3985;4750;4486;5223;5802;4923;5184;4311;4321;4106;5738;7798;6295;4774;5836;5621;2313;6416;4881;4321;4077;3802;5354;4681;4165;5389;5103;4805;4105;4988;5764;3667;6172;5470;4249;3533;3908;4656;5421;4818;4414;4953;4161;4545;3933;4680;5553;5776;6422;6325;5734;5795;2197;5055;5947;5312;4870;3932;5847;4584;6944;4929;4631;5320;5192;6132;4143;5259;3876;5644;3893;6240;6223;5097;6147;6180;5480;6180;5912;6016;5968;5458;7003;6947;9129;5405;3698;5715;3003;5962;5266;5952;5251;5228;6251;6373;6280;5542;5832;4049;3939;6076;5258;5492;5164;3745;4958;4926;4445;5898;5060;5162;4044;3739;3692;5089
ERR1308868.fastq;11580;15949;10290;8229;14617;12212;15055;11967;15434;14782;17080;13433;16872;14630;12729;8905;13394;12676;13683;16715;11873;12467;12319;9722;11419;15400;13726;14364;11801;13765;15577;16287;15835;14011;10511;12664;12614;14306;12343;12734;12317;12288;13730;12579;13822;14473;12884;12391;11072;14533;11770;13529;13688;11461;11747;14828;9608;14045;9732;15121;11966;8718;14363;12800;13244;13024;12800;12059;15196;13125;13733;15235;13751;14802;17032;8695;7150;13503;16514;10078;11103;10873;12536;13304;13548;16236;17941;13113;15607;13874;12793;13769;12408;12993;13218;11935;11317;10868;13421;16611;14126;11994;16389;10703;11824;13887;9033;11089;15196;9960;14266;13797;11970;11312;14060;14039;13335;11634;17494;13942;12407;11562;13261;13866;15778;16824;16223;7546;12917;10779;13997;14920;12742;2840;12991;12259;13976;13883;11613;15466;10658;13657;14145;13875;12449;13206;13031;9803;15494;14708;12424;12970;15754;11291;16768;12070;13975;13370;15490;11541;12465;10587;11877;13063;9861;12870;12883;11766;10587;11022;11781;14297;14808;14054;12586;13980;13379;11456;16361;12243;11204;9019;9239;12274;11605;9638;12646;11231;10484;9502;13096;13837;9082;15136;13185;9914;9502;10283;11164;13248;11006;14470;11895;11721;12807;10666;12210;13036;14298;14770;13485;13298;7510;11426;12298;14393;12983;10265;11656;14227;11806;14103;12363;9787;12975;12423;12259;10237;12304;8001;15650;10066;14392;15881;11985;15080;15895;14798;13901;9730;10182;12088;12955;15635;16601;21015;12634;11159;14679;10803;13070;11863;11362;12993;12411;14613;14787;12803;13575;12790;10149;8856;13614;11870;11864;13754;12799;13353;11115;8894;8626;11577;11849;12080;11994;10349;11755
ERR1308911.fastq;2957;6002;4326;3275;5648;5059;5645;4459;5670;5832;6423;5136;6507;4756;4525;3190;5043;4599;5283;6385;5266;4601;4469;3744;4577;6617;5491;5405;4447;5194;6392;6706;6727;5328;4250;4751;4666;5944;3906;4844;4545;4839;5411;4520;4897;5360;4562;4286;6584;6234;4693;4971;4650;4670;4407;5633;5186;5266;3503;6027;4362;2676;5361;4444;5291;4928;4738;4545;5745;4949;5796;5477;5048;5759;6125;3456;4040;5446;6777;3631;3902;3715;4794;4688;5176;5915;6453;4074;6168;5055;3762;5099;4638;5189;5074;5405;4002;3761;4443;5563;5743;4557;5906;4428;4360;5465;2713;4151;4858;3627;5693;5369;4367;3761;5952;5590;5251;4127;6556;5506;4851;4311;5287;5460;5594;5772;4744;2844;4853;2332;5241;6303;4202;3297;4792;4615;5207;5399;3524;6532;4435;4842;5483;5284;5123;4960;4162;3508;6771;6232;4260;5144;6032;3814;6368;4586;4979;5189;6196;4349;4937;3828;4511;4828;3949;4997;4871;4357;3375;4092;4506;5255;7322;5742;5137;5372;5027;4056;5891;4330;4332;4023;4148;4662;4172;3596;4768;4323;3039;3306;4182;5016;3239;4999;4797;3612;2886;4214;4186;5072;4115;5555;4361;4232;4458;2639;4362;4856;5423;6376;5593;5068;2499;4350;4054;5355;4487;3999;3558;6181;4166;5526;4498;3446;4932;4700;5169;4415;4563;3094;5782;4691;5724;6088;4432;5402;5747;4540;5513;5244;4531;5307;4428;5422;5993;8295;4698;4417;6544;4260;5483;3975;4521;5225;4448;5225;5222;4368;5196;4645;3598;3452;4836;4533;3947;5023;3291;5137;4520;3653;4724;4810;4123;4504;4606;3428;4479
ERR1309434.fastq;3942;6358;4638;5089;6277;5078;6168;4736;5474;5696;7604;5535;7478;4438;6282;4102;5214;6117;6858;7921;4919;5368;4474;3866;5119;6000;5389;5628;4810;5653;7246;8065;5780;5759;4820;5571;5168;5570;5151;4996;4981;5451;5663;5257;6906;5598;5687;4766;4996;5826;5567;5739;5951;5332;4832;7050;5743;6036;4683;5108;5335;4670;5811;4992;6381;5659;5324;5068;5192;5219;4926;5042;5498;6819;6889;4585;5287;4865;7721;4094;3853;5268;4294;5385;5128;6704;7776;6538;6571;5506;4322;4607;3192;5042;5379;5274;4594;4715;5533;7098;5957;4916;6642;4108;4331;6457;3903;3501;6703;3500;6106;5303;5037;4591;5463;5272;5334;4278;7324;5395;5509;5039;5427;6051;6686;6878;6396;4180;4918;5001;4302;5175;5054;2875;4811;4980;5723;6408;4485;7175;4986;4641;4861;5543;4696;6321;5734;3512;5670;5623;5845;5937;6531;4421;6887;4975;5852;6665;7010;4833;5166;4577;4640;4617;1355;4141;5283;5222;4183;3803;4742;5717;9436;7138;5377;6040;5774;3975;7209;5354;5100;4571;3919;5230;4851;3801;4991;4557;4407;4362;5395;5675;3063;6061;5339;4181;4456;4403;4396;5210;4423;4688;5209;4933;3459;4509;5054;5411;5404;5475;5280;5255;4982;4035;5695;4668;4809;4406;3962;4936;4842;6950;4964;3197;5073;5174;6205;3840;4433;3537;6042;4722;5634;4680;4839;6586;6562;6067;5507;5670;5063;5500;5293;6764;7163;8266;5252;2109;5231;4679;5128;4921;6060;5928;5248;6320;6535;5837;4942;4889;3245;4537;6191;5119;5265;4819;1294;4852;4975;2777;4813;4896;4888;3849;4013;3562;5052
ERR1308934.fastq;5198;8229;5931;6781;7485;7071;7671;5624;7433;9436;9535;7201;10068;7253;7970;5161;7479;5151;8727;8943;7318;7401;7031;4965;6000;9412;9388;8463;6160;7460;9376;9513;9493;7649;5875;7233;7039;8789;4870;6245;6555;6958;7021;6436;8414;7519;6959;6310;6856;8864;6719;7829;8118;6568;5749;8166;7529;7457;4554;7555;6711;6071;7709;6761;7538;7064;7001;6420;6274;7008;7616;8038;7415;8525;8889;5851;6561;7237;9140;5851;4954;6799;5502;7181;7262;8425;9844;9341;10664;7056;5217;6027;4633;6257;7065;7608;6157;5268;6880;9098;9487;5800;8024;5257;6343;8667;4743;5550;8007;4739;8014;7861;6393;4869;8024;7908;7806;6350;8150;7985;6994;5734;6845;7724;8624;8898;9148;4444;6969;7691;5355;7511;5947;3702;7168;5797;8402;7887;4787;8499;6765;7445;6935;7374;7061;7487;7490;5177;9512;7923;7537;7542;8652;5596;9041;6715;7523;8449;8104;6263;6474;5570;5661;5657;4028;5820;6721;6420;5138;5419;6049;7537;9536;8362;6970;7526;7143;4835;8554;6656;6284;4833;3734;6913;6460;5287;7018;6846;5888;4943;6730;7384;3354;7571;6917;4830;5336;5996;5904;7755;5545;5259;6498;6190;4583;4693;5992;6932;8781;7764;7731;7472;7762;5735;6864;7720;7378;6171;6536;7355;6115;8437;6092;5650;7853;6892;6888;5237;6818;1926;7851;5628;8147;7580;6327;8202;8388;8263;8951;7510;7978;7659;7135;8974;9091;11554;6690;4929;8642;5644;7675;6093;7238;7758;6120;8005;8387;7469;7470;6929;5352;4706;7699;6654;7120;6712;5538;6314;6628;3607;7384;6955;6593;6493;5871;4250;6504
ERR1309405.fastq;3480;5687;3815;2380;4812;4928;4577;4477;5347;6461;6164;4716;6253;5020;5388;2871;4639;5102;5662;6603;5451;4469;4178;3296;4110;6396;5185;4842;4365;5184;5989;6468;6309;4948;4060;4463;4200;5173;4418;3320;4327;4176;4717;4258;5680;5196;4171;3578;4288;6037;3944;4694;4775;4656;3844;5617;5107;5314;4057;6004;3767;3703;5369;3994;4815;4766;4592;4602;5385;4637;5661;5410;5293;5613;6111;3873;4339;5000;6075;3927;4343;3979;4257;4371;4964;5752;6519;5595;4861;4695;5257;3284;4494;4481;5064;5608;3646;3463;4878;5484;5533;3831;5662;3728;3976;5089;3187;3186;5671;3261;5230;5100;3593;2878;5187;5128;5437;4573;5953;5318;4383;3808;4492;5167;5530;5703;5566;3239;4919;5409;3982;6440;3477;2960;4291;4087;5218;5226;3172;6177;3659;5044;4635;5094;5693;4318;4513;3022;6137;5959;4863;5058;5132;3911;5590;4860;4734;5746;6201;4367;4531;3667;2982;4264;4031;4998;4519;4314;2978;1472;3495;4877;6366;5463;4969;5149;4964;3707;5373;4290;3564;3454;3292;4332;3739;3560;4437;4349;3875;3244;4011;5104;3362;5059;4436;3322;3165;2460;3243;5204;3816;5296;3904;3827;4446;3489;3944;4425;5115;5694;5708;5104;5033;4277;4322;4922;4681;3923;3746;5181;3796;5557;3943;3448;5206;4111;5065;3613;4062;3344;5036;1813;5532;5618;4357;5081;5250;4685;5342;4951;5798;5187;4200;4444;5668;8055;4453;3867;5645;3425;5735;3807;4595;3932;4589;4850;4857;4456;4790;4867;3308;3629;4529;4148;4756;3537;2989;4658;4289;3143;4508;4764;4194;2943;3561;2830;4319
ERR1309039.fastq;2418;5139;3712;4229;4110;4084;4555;3539;4256;4789;5216;4135;5265;3576;4306;2620;3643;3912;5013;5846;4049;3662;3492;1928;3962;4926;4228;3979;3609;4660;5401;6026;4938;4722;3136;4253;3978;4240;4330;4110;4124;4198;4748;3920;4796;4279;4056;4153;4676;4755;4452;4234;3971;4269;3975;5268;4782;4570;3365;4862;4076;3794;4726;3872;4470;4281;3821;3606;5008;4521;4556;4892;4218;4385;5191;1595;4073;4393;5512;3653;3195;4198;3435;4344;3765;5372;5839;4466;4100;4476;4883;3594;2711;4417;4038;4380;3303;3366;4366;5393;4394;3789;5198;3520;3393;4630;2675;3934;5047;2304;4873;4354;3868;3649;4500;4492;4257;4177;4901;4383;4281;3529;4507;4928;4991;5164;5047;3224;4031;1861;4512;4656;4379;1790;3922;3819;4323;4713;3305;5320;3889;4275;3814;4626;3836;2969;4160;3013;4628;4641;4278;4061;5025;3480;5662;3873;4569;5288;5140;3917;4163;2808;3973;4138;4262;4838;4242;4059;3345;2996;3593;4718;5904;4859;4158;4547;4132;3527;2953;4086;3583;3308;3406;3917;3946;3532;3916;3598;3648;2979;3991;4589;3556;4741;4439;3344;1124;3555;3630;4182;2880;4769;4045;3590;3973;3572;4155;4223;4479;4780;4501;4201;1253;3830;3849;4409;3886;3772;3177;4218;3761;5362;4190;3629;4007;3871;3451;3350;2597;3317;5127;3695;4546;4499;3959;4463;4027;3173;4389;4663;3464;4461;4197;5033;4993;6741;4397;2924;4607;3744;3914;3758;4358;4295;3982;4357;4588;1768;4325;3872;3169;3228;4358;3901;4317;4337;1167;4143;4203;2861;3435;4088;3997;2752;3743;2425;4097
ERR1309160.fastq;14764;22659;16492;13553;21053;16185;21347;13460;20346;19641;24567;19440;23874;21343;17761;12850;18718;18752;21494;24570;17670;16939;14610;14881;19149;21250;19223;19401;16672;20248;23826;26879;21130;20178;10151;17489;16401;20026;16946;18320;16762;17963;19139;17280;21006;19785;17595;18064;20609;20648;19329;20237;20035;19202;16249;22388;20301;19707;14472;19953;15094;15140;20170;18357;18431;18642;16783;15304;20860;18918;19681;20731;20182;21119;24028;15783;18821;19244;26597;13672;16235;16892;15785;19000;19244;22725;24315;22752;20925;19216;18125;19422;18382;17872;18579;16816;16216;15871;19279;23583;19852;17064;22350;16826;17163;21476;13090;15821;21661;14375;22065;19170;17079;16008;20816;19802;18806;18297;15945;19392;18893;16806;18869;19780;22316;23050;21454;12813;18326;16557;19569;21291;16200;12584;19062;17255;19239;19815;15263;22603;17975;18779;19598;20294;17297;21345;21339;13447;20065;21278;20433;20895;22752;15127;24348;15820;19823;21195;24632;16711;17368;16018;16529;16212;14959;19348;19231;18365;15665;16276;16316;18962;20187;19256;8850;18657;17634;14350;23194;16486;15054;12997;6443;17101;15495;14175;17961;16370;15050;13310;18631;19572;13671;21626;18257;15313;15323;16657;16242;19007;17108;20508;16302;14102;17757;14610;17511;18576;20434;20122;18868;19057;15634;15942;17547;21333;17537;17847;16687;19503;16169;21746;17153;14242;18349;17642;18690;14265;17386;14941;22157;17118;20092;20215;17296;21309;21469;19696;19506;20153;18295;17800;17980;21130;24088;29505;17998;16071;19477;16288;19311;14924;20345;20693;17800;20540;21315;17859;18929;18324;14516;14956;18904;16143;19862;19245;17711;18010;17866;13423;18311;17475;17058;16990;16366;13844;16460
ERR1308893.fastq;4262;6083;4275;4073;5076;3851;5670;4450;5340;5460;6658;5073;5816;4137;4360;3380;4616;4763;5656;5643;4633;5445;5315;4571;5230;6029;5127;5067;4529;5339;6260;6044;6082;5223;4771;5084;4984;5529;4235;4909;4675;4856;4842;4438;5452;5122;4507;4516;3616;5493;4876;5353;5180;4785;3722;6142;5314;5250;4417;5560;4599;2954;5475;4727;5567;5324;4973;4813;5823;4887;5139;5538;4914;5239;5354;3684;4106;5086;6294;4064;3110;3470;4515;5097;5140;5849;6710;4808;5783;5193;5249;4851;4916;5146;4983;4354;3871;3164;5014;6141;5266;4740;6401;4332;4577;5725;3365;4317;5323;3869;6128;5208;3906;3555;5355;5338;5069;4657;6464;4896;4795;4316;4634;5381;5809;5958;3928;3219;4566;4353;5109;5892;4746;3056;4915;4489;5168;5582;2334;6019;4193;4959;5166;5324;4490;4466;4705;4025;5508;5149;2819;4422;6180;1514;6530;3958;5268;5651;6481;4452;4932;4373;4552;4697;4055;4840;4908;4035;4187;4160;4597;5265;6895;5672;5580;5335;5108;4208;6311;4659;4646;3820;4289;4894;4752;4158;4681;4118;4140;3983;5084;5245;3273;5555;4852;3980;2807;3089;3751;4836;3354;5743;4756;4591;4679;3919;4250;5082;5280;5608;5305;4820;3969;4763;4815;5594;4667;3771;3807;5292;4250;5938;4679;3942;4746;4906;2810;3758;4288;3513;6442;4280;5455;5489;4521;5536;5357;4981;5079;5342;4370;4817;4995;5106;6107;8107;4833;4279;5604;1046;5464;4438;4771;4971;4554;5459;5536;5164;4933;5007;3843;3032;5082;4558;4267;5060;5194;5480;4378;3591;4265;4422;4427;4519;3039;3024;4510
ERR1308915.fastq;3065;5341;4006;3248;4504;4288;5288;3797;4704;5376;6105;4395;5610;4980;5119;3986;3863;2751;5556;5602;4258;4631;4437;4317;3958;5166;4669;5032;4095;4751;5877;6708;5280;4859;4326;4655;4403;4665;3340;4385;4345;4258;4880;4260;5412;4393;3955;3880;3746;5199;3832;4517;4587;4399;3957;5081;3376;4864;4200;4887;4176;3781;5015;4153;4883;4453;4301;4518;5244;4581;5264;5073;4479;5072;5475;2609;4623;4439;5609;3987;3458;3973;4403;4684;4266;5334;6302;5484;6404;4565;5013;2806;4585;4558;4303;4531;3861;3592;3924;5074;4795;4007;5639;3663;4174;5672;3216;4050;5119;2895;5273;4571;4074;3855;5147;4681;4640;4324;5921;4678;4478;4271;4915;4755;5291;5528;5632;2976;4284;3063;4979;5347;4227;2324;3913;4313;4653;5021;3936;5271;4102;4439;4833;4881;4006;4444;3907;3321;4869;5038;3869;4225;5414;4098;5698;4222;4750;5349;5584;4130;4339;4064;4216;4469;3906;5005;4577;4378;3687;2723;4278;4989;7054;5671;4931;4933;4986;3804;5582;4519;3986;3609;3610;4393;4167;3914;3983;3560;3913;2981;3392;3785;3197;4896;4458;3535;3411;3779;3874;4468;3658;5212;4323;4184;4358;3581;4290;4566;4957;4866;4725;4123;4517;4430;3428;4302;4230;4204;4081;4598;3980;5654;4276;3616;4597;3646;4771;3140;3273;4208;5005;4426;4960;4958;4162;4905;4755;2419;4765;3354;4247;4804;4567;5537;5690;7306;4668;4189;5532;3619;4549;4069;4534;4175;3502;5149;4815;4713;4255;4203;2208;3614;4597;4316;4474;4432;3330;4905;4449;3459;3787;4248;4181;4163;4010;3258;4215
ERR1308603.fastq;4028;5979;3938;4927;4800;4847;5532;4346;5527;6133;6699;4824;6133;5645;5855;3854;5005;5866;6231;6983;4969;5046;4708;4160;4700;6040;5352;5164;4206;5521;5750;7243;5950;5505;4204;5065;4706;5199;4764;3716;4462;4928;5085;4435;6386;5421;4968;4897;5991;5752;5271;4493;4861;4764;3588;6486;5603;5401;4596;4936;2788;2654;5643;4656;5550;5080;4794;4409;4437;4911;5165;5863;5218;6525;6426;4547;4874;4800;7150;4415;3972;3816;4020;5256;5000;6196;7197;6574;4845;4873;3746;4152;1783;4836;4857;4733;3869;3252;4914;6222;5949;3515;6299;4110;4363;5846;3658;3657;6343;3560;4983;5023;4356;3202;5667;5334;5186;3705;6656;5358;4967;4234;4882;5472;6135;6361;5305;3635;4771;5632;4926;5314;4197;3139;4946;4963;5676;5621;3448;6474;4743;3916;4050;5326;4608;5006;5316;3671;5879;6082;5250;5486;5725;3984;6513;4623;5324;6028;6355;4670;4490;4139;3971;4279;4562;4027;4765;4911;3525;1654;4008;5204;7659;6105;4617;5491;5258;2646;6007;4969;4648;4129;4148;4771;3393;4009;4788;4303;4278;3794;4269;5340;1361;5921;5045;3293;2377;4072;3822;4876;2888;4900;4682;4382;4212;3142;4281;5123;5316;5457;5256;5083;5188;5279;5012;5243;4874;3675;3854;5096;4191;6557;4459;2906;4811;4725;6206;4228;4405;3384;4857;3057;5304;5478;4592;5690;5782;5375;5622;5446;5293;4906;4989;6130;6565;7879;4892;2880;4953;4258;5021;4520;5267;5780;4720;5642;5469;4150;4863;4931;4185;3538;5693;4820;5166;4485;2713;4731;4132;3611;5234;4453;4500;3499;3622;2535;4881
ERR1309135.fastq;4061;6065;4265;4763;3624;4572;5429;4079;5244;5576;6750;5085;6900;5425;5682;2994;4959;5656;5627;6586;4767;4771;4747;3786;4992;5939;5144;5546;4424;5286;6417;7168;4878;5349;4899;5326;5069;5354;5087;4634;4818;5045;5063;4543;5911;5319;4992;4720;4970;5749;5301;5195;5630;5048;4473;6152;5280;5370;3925;5092;4580;4346;5503;4697;5780;5221;5076;4998;4436;5097;4348;4970;5227;5776;5802;3958;5122;4702;6820;4379;2292;4738;4422;5012;5002;5803;6989;6063;6862;5104;3707;4692;3113;4237;5227;4774;4378;3870;5027;6716;5889;4371;6288;2854;4431;6021;3483;4082;5716;3257;5757;5101;4662;3963;5848;5037;4927;3842;6260;5013;5235;4321;5044;5637;6247;6478;5973;3637;4826;4466;4684;4978;4492;2823;5041;4613;5543;5703;3914;6152;4528;4525;4713;5262;4451;5119;5697;3755;5357;5422;5235;5384;5855;4072;6557;4623;5316;6012;6187;4355;4357;3805;3054;4228;3415;4163;5040;4516;3644;3958;4320;5296;8436;6404;5317;5666;5383;3719;6449;4944;4806;3860;3153;4893;4618;4480;4554;3675;4217;3717;4890;5372;3038;5482;4974;4074;3651;4129;4032;4858;3278;4251;4697;4480;4061;3640;4199;5025;5638;5175;5065;5048;4488;4974;4824;4287;4882;4189;4767;4808;4602;6305;4533;3954;4684;4664;5000;4187;4617;3589;5816;3732;5465;5098;4546;5925;6018;5843;5376;5459;4672;4995;5112;6524;5863;8048;4940;3017;5150;4150;4888;4801;5164;5598;4959;5814;5946;4589;4985;4590;4151;3656;5685;4741;5214;4860;2498;4619;4692;2769;4606;4577;4505;4822;4269;3423;4647
ERR1308919.fastq;3880;6335;4592;4923;5257;4606;5819;3962;5721;6052;6005;5166;6325;5907;6134;4198;5402;4116;5496;6870;4822;4209;3507;2862;4142;6284;5518;4972;4608;5554;5967;6789;6272;5693;3861;4794;4691;5719;5013;4921;4782;4441;5494;4722;5672;5732;4906;4509;5450;5946;5030;5143;4961;5240;4294;6063;5668;5776;3690;5253;4424;4481;5729;4398;5195;4950;4627;4639;5721;5168;5577;5895;5446;6247;6717;3967;5124;5369;6809;4649;4124;4904;4548;5223;5129;6535;6926;5792;4863;5735;4450;3841;4026;5078;4836;5009;4400;4174;5463;5980;5714;3563;6297;3374;2787;5700;3672;4531;5644;3503;5792;5389;4524;4312;5787;5505;5322;4814;6576;5570;4285;4398;5158;5558;5777;6161;6165;3787;5115;5460;5312;5321;3804;3277;3833;5031;5828;5379;4617;6927;4667;4774;4716;5561;4928;4442;3814;4345;6592;5054;5071;5332;6295;4708;6421;4250;5649;5631;6853;4720;4544;3599;4513;4038;4756;5073;5204;5041;3849;4075;4561;5192;6204;5576;4497;5238;5091;4036;5857;4854;4698;3347;3924;4334;3776;2648;4965;4161;4493;3648;5251;5536;4105;6170;5446;4388;3945;2406;2971;5161;2981;5423;4342;4000;4783;3136;4280;5129;5681;5807;5850;5219;5466;4476;4671;5653;4677;3737;4848;5847;4471;5788;4978;3558;5119;5180;4720;4139;4667;3801;6088;4788;5577;5449;4922;5603;5316;5731;5520;5677;5528;5217;5312;3279;6133;8158;5288;2078;6298;4699;5694;3682;2181;5246;4931;5386;5335;3955;4971;5202;4360;4285;5876;4953;5512;4876;4336;4726;4945;4216;5311;4564;4931;5025;4274;3256;5039
ERR1308872.fastq;4051;5570;3922;3486;5372;2351;5370;4281;4100;4021;5986;4594;6099;5138;4708;3503;3699;4393;5038;6091;2853;4273;4181;3671;4543;4247;3729;3809;4004;5007;6089;6415;4257;4937;4005;4396;4398;3465;4059;4561;4311;4524;4719;4039;5539;4167;4413;4428;2498;4086;4649;4720;4997;4368;4155;5549;5014;4869;4336;4154;3979;3845;4989;4301;4726;4615;4189;4081;5340;4694;3438;5211;4050;5439;5859;3715;4300;3952;6032;3886;3689;3650;4062;4770;2303;5609;6124;5012;4356;4741;3279;4740;4588;4558;3262;3344;4060;4107;4520;5863;3774;4133;5676;4063;4111;5463;3404;3950;5221;3345;5410;3723;4414;3999;4378;4052;3850;4487;5717;3882;4619;4185;4796;5198;5320;5432;5261;2142;3614;4908;4808;3948;4378;3113;4462;4504;4280;4877;3968;4513;4284;3392;3633;4988;3301;4525;4845;3690;4081;1743;4893;4671;5535;4109;5719;2776;4836;5080;5911;4229;4430;4179;4326;4582;3965;4701;4718;4442;3925;4143;4142;4918;6112;5116;4427;4884;4853;3997;5807;4293;4046;3461;3438;4219;4014;3610;3510;1628;3945;2183;4597;4852;3365;5174;4853;3803;3792;4336;4379;3541;4103;5146;4108;3894;4392;3117;4228;4662;4069;4255;4012;3469;2536;4438;4294;4939;3457;4305;4101;3786;4226;5376;4177;3722;2657;3960;2676;4055;1135;3932;5688;4336;3905;4152;4253;4879;5399;5007;3428;4947;1122;2419;4698;5039;5320;5469;4481;3985;4160;4009;3857;3764;4454;4624;4225;4846;5087;4548;4019;3893;3741;3860;4625;4203;4093;4893;2731;4999;4413;3085;1834;2388;4350;4330;4096;3539;4224
ERR1309338.fastq;6011;8861;6529;7144;7709;5059;8169;6561;5592;6137;10347;7516;10735;8992;8013;6805;6333;8792;9423;10850;4255;7586;7163;6958;7869;5916;4850;3416;6658;7872;9049;11238;6062;7853;6750;7472;7376;5431;7268;6256;6803;7435;7482;6863;9177;3395;7712;7088;4479;6165;7751;8448;8445;7073;6459;9907;7724;7321;6885;5388;5384;6085;8020;7468;8528;7646;7649;7305;7529;7501;5492;8414;5745;9788;9640;6658;7574;4674;10625;6456;6466;6808;6589;7790;4813;8506;10413;9528;5678;7763;7813;5949;6313;7185;4076;5296;6123;6473;6975;9905;5720;6850;9405;5895;7008;9152;5089;6017;9302;5083;5703;5843;6830;6013;6527;6233;5348;5362;10502;6012;7484;6175;7211;8278;9279;9495;9182;5838;3858;8148;7273;2221;6426;5745;8192;7045;6498;8395;5491;10681;7319;2126;2416;7835;3505;8278;8511;5613;4727;5909;8307;8798;8919;6643;9767;3438;7699;9643;9626;6826;6634;6878;6347;6510;7179;6636;6813;7236;5312;5892;6116;8087;12708;9245;7996;8093;7984;5229;10051;7273;7022;6647;5898;7099;6851;6431;3720;5300;6591;3711;7365;7942;6134;6986;7289;5996;5298;6633;6636;4152;2808;7842;7050;6849;6899;6114;6946;7517;5168;6506;5281;5081;5277;7943;7544;8562;1973;6833;6696;4982;6664;9670;6780;5739;1525;6698;9055;6382;4699;5840;4740;6833;4899;5247;6766;8874;8987;8795;3890;7794;3723;4576;7698;9872;9981;8947;7097;5233;2393;6893;5449;7106;8552;8717;6015;8796;8872;8438;4952;6150;5826;6186;8219;6942;7406;5489;5337;7089;6738;5979;4417;3537;6724;6579;6400;5216;7046
ERR1309481.fastq;11263;17970;12085;11460;15561;12197;16078;6736;15526;15744;20313;15573;19175;16956;14201;11773;14570;9223;16679;21338;13650;14675;14168;13119;16207;16368;14997;15276;13189;15539;15718;18568;16876;16094;15066;14190;13046;15386;9852;14049;12915;13979;14978;13284;16039;15219;14234;13866;16233;16494;14481;15482;16654;13139;12724;18203;15923;15451;13454;15693;12415;9627;16136;13588;14872;14204;14334;14330;15606;14631;15166;15367;14734;17712;18343;11231;13380;15300;19888;10942;12499;10517;11403;15186;15512;17842;20477;19482;14665;16725;9490;10314;12049;13073;14961;13278;12022;10445;13582;17953;15646;14168;18375;11861;13516;18140;10145;13117;16447;13150;17649;15315;12939;12462;16261;15473;14785;13865;18674;14943;14548;13034;14743;15198;17774;18449;16960;11796;14386;15810;15134;16353;9301;14142;13825;8820;15011;16318;12230;18240;11783;14732;13805;15661;13466;16419;16499;9847;16371;16814;14785;16050;15894;11784;19750;13082;16097;18446;18691;13507;13442;13664;12299;13543;13549;14226;12060;13827;12382;11328;11531;15823;16837;15825;13822;15468;15965;11969;18515;13287;12394;11498;10486;13594;13227;11325;13999;12775;12814;10070;14987;5740;9841;15745;14850;9692;8625;12713;12864;14466;12383;11113;13454;13138;13373;11668;14061;14783;16192;15956;14848;15276;13768;14618;11856;13517;13290;12134;10299;15138;13370;16628;13790;12088;14573;12618;12508;10459;12671;7672;18033;14422;15789;15461;13361;17413;17461;13800;15467;15849;15228;14041;14927;18863;18721;23589;14532;13138;15130;13320;15176;14956;14690;14768;4827;16794;17255;15523;15070;13662;7803;11707;16228;13823;14877;14146;14214;13734;12885;9990;15251;13522;13400;7818;13061;11037;12486
ERR1309227.fastq;3787;6043;4190;4779;5279;5821;5781;3803;7051;8094;6230;4853;6789;5493;6000;4155;5753;5231;6116;7057;6155;5170;4902;4058;5054;8286;6418;5470;4303;5494;6026;7209;8399;5288;4433;5216;4780;5989;5019;4096;4746;5071;4920;4467;6314;6172;4867;4678;6113;7538;4894;5284;5500;4555;4616;6018;5519;5486;4518;6014;4285;4181;5669;4797;5439;4987;4807;4028;4594;5202;5604;4131;5594;5766;6306;4038;4482;5508;6352;4321;4052;4536;3319;4750;5431;5887;7048;6379;5613;4849;5726;4648;2576;5068;5897;6590;4390;3354;4978;6117;7920;4413;6004;3783;4520;5670;3127;3769;5784;3511;5883;6233;3775;2304;6243;6196;5956;4410;6365;6430;5239;4035;4850;5666;6381;6123;5408;3418;5453;5785;4414;5942;4524;2658;4536;4413;6928;5781;3211;6648;4694;4932;4775;5352;5748;4809;4961;3520;7122;7682;5074;4892;6044;2993;6787;5291;5418;6016;6295;4424;4575;3315;4342;3855;4658;5421;4392;4393;3659;3930;3752;5305;7813;5959;4972;5533;5449;3606;6397;4767;4276;3502;4147;5045;4600;4183;5346;4990;4223;3285;4364;5252;3147;5934;4889;3852;2392;3380;4063;5474;3741;3739;4730;4067;4247;3196;3918;5115;5681;6414;6454;5872;5986;2111;4437;5734;5326;4014;3801;6297;4206;6592;4501;3702;5386;5216;6099;3866;5239;3343;3440;3662;6715;6491;4666;5154;5272;5065;6424;5382;6155;6431;4810;5982;6012;9278;5132;2896;5719;3561;6043;4928;4900;5164;4549;6000;6006;5418;5500;5874;3537;3577;5780;5013;5365;4832;3229;4758;4310;3403;5905;5048;4624;3277;3280;2584;4869
ERR1308671.fastq;3197;5678;3791;4547;5018;4360;5047;3836;4732;5176;6300;4479;5405;3872;5186;2881;4544;5451;5380;6261;4353;4578;4326;3464;4247;5282;4828;5168;3900;4875;5698;6609;4438;5049;4558;4947;4589;4818;4586;4229;4313;4655;4677;4068;5888;4928;4623;4467;4637;5264;5083;4975;5128;4539;4275;5858;5099;5031;3403;4722;4391;4196;5118;4296;5277;4895;4652;4677;4398;4794;4138;4995;4820;4994;6067;3876;4483;4276;6375;3722;3741;4517;3984;4718;4393;5644;6601;5164;5947;4952;3839;4062;2757;4185;4819;4379;3580;3351;4971;6045;5432;3989;5881;1345;3750;5135;2823;3784;5662;3004;5564;4851;4355;3575;5320;4676;4632;4258;5746;4671;4950;4034;4743;4061;5802;6010;5417;3336;4419;4555;3900;4595;3967;3109;4627;4228;5200;5300;3502;5584;4577;3860;4040;5108;4082;5233;5048;3035;4968;5111;4755;4622;5643;3903;5975;4232;4948;5594;6006;4385;4078;3532;3670;4033;3529;3036;4532;4566;3489;4045;4145;5399;7881;5838;5191;5196;5121;3566;5738;4777;4492;4353;4191;4500;4288;3717;4098;3821;4139;3237;4726;4806;1217;5251;4539;3978;3527;3978;3935;4446;4005;4077;4517;3934;3450;3744;4266;4811;5195;4705;4649;4662;4304;4641;4277;5236;4565;3652;4355;4365;4228;5803;4227;3483;4354;4665;2714;3243;4102;1242;4850;3067;4884;4627;4393;5484;5529;4272;5030;5092;4395;4709;4707;5744;5499;7206;4644;2704;4625;3512;4414;4394;4949;5212;4475;5465;5498;4129;4733;4217;3473;2944;5227;4456;4945;4573;3245;4327;4364;3472;4290;4129;4194;4449;3659;2936;4507
ERR1309319.fastq;3664;5553;3815;4482;5380;3368;4964;3936;3807;3928;5852;4597;5866;4772;5062;3042;4045;4942;5328;6237;3335;4138;3601;3578;4291;4339;3761;2621;3984;4709;6357;6552;3932;4822;3995;4452;4166;3672;4444;3916;4137;4573;4438;4134;5334;4130;4380;4175;3552;4059;4464;4879;4727;4116;3977;5491;4769;4673;3851;3699;3958;4130;4824;4379;4641;4388;4188;4234;4118;4582;3756;5235;4030;5159;5797;3948;4491;3478;6111;3545;3611;4291;3759;4608;3065;5493;5958;5247;3529;4634;4987;4223;3892;4420;3345;3475;3999;2462;4639;5556;4041;4047;5610;2737;3905;5552;3410;3741;5589;3283;5518;3481;3997;3408;4200;4047;3903;4393;5657;3717;4653;3939;4320;5283;5397;5332;5091;3595;3805;4943;4292;3605;4105;3389;4356;4342;4271;5087;3273;6263;4097;2359;2857;4708;3473;4615;4915;3288;3983;4321;4741;4946;5470;3715;5880;3183;4745;5496;5689;4024;3913;3591;3965;3753;4295;4783;4459;4315;2910;3616;3710;4719;6304;5052;4379;4657;4622;3530;5212;4070;3909;3529;3604;4071;3966;3428;3598;3212;3866;2906;4292;4707;3701;5337;4531;3686;3252;3700;3734;3131;3779;3397;3863;3435;4215;3564;3906;4437;3736;3963;3911;3496;2811;4553;4322;4833;2833;4133;4159;3593;4029;5507;4096;3731;3388;4484;4941;3861;3032;3227;4824;3374;3703;3954;4147;5082;5214;4747;3702;4795;3574;2953;4601;5361;5387;6066;4278;3047;4074;3550;3871;3928;3942;4628;4545;5032;5087;4704;3923;3896;3850;3439;4994;4406;4607;4366;3765;4048;4192;3441;1224;989;4018;4263;3207;2853;4248
ERR1309305.fastq;7615;11499;8239;9289;11443;7067;9908;8087;9239;12688;12573;9852;11940;10850;10981;7509;4636;10795;11651;13878;6623;9250;9132;8532;9804;9892;11483;9874;8372;10508;12982;13875;7746;10426;7781;9451;9126;10985;8221;9067;9060;9744;9640;8745;11456;4433;9121;9504;5596;9981;9385;10161;10443;9641;8249;12122;10465;10072;7259;8627;8671;8698;10360;8960;9772;9664;9118;8316;9106;9824;10279;11419;8877;11214;11775;8486;9211;9398;13005;7778;8421;9500;8272;9632;9163;11883;13075;12581;9858;9961;9176;8900;5784;8529;8526;6858;8322;6612;9900;11736;9680;8648;12107;8288;7766;11943;6479;7760;11686;7134;12031;9956;8692;6963;9641;5652;9387;9399;12184;10201;10014;8234;9569;11358;11471;12103;12586;6890;7432;11140;8923;9718;8547;6670;10652;9482;8661;10206;7574;9041;9193;9638;9461;10433;5945;10117;10732;7739;11443;10619;9796;10729;11593;8109;12502;6224;10182;11795;11839;8972;8437;7494;7222;8574;7636;9164;9983;8873;7731;8277;8261;10179;11958;10741;9041;10139;9476;7412;11899;9177;8633;6941;7470;9283;8630;3561;8659;8737;7801;6382;9130;9969;6401;11361;9777;7645;7733;7939;7722;9969;8324;8761;9105;8409;7639;7728;8627;9874;10427;8515;8909;9022;9646;8624;9340;8998;9360;8880;8831;9487;8287;11581;8314;6875;9741;9455;10508;9039;7045;3103;11463;6951;9161;9123;8869;10937;11428;11372;11290;10385;7658;4117;9552;10897;12363;9775;9302;7060;10658;7715;9030;8224;10247;10887;9573;10532;10832;9928;9263;5710;7922;7143;10666;8863;9826;9275;8448;8653;9088;7181;6174;5969;8991;8920;8345;6849;8979
ERR1309003.fastq;5538;9850;6746;7661;8220;7949;8214;7064;8793;10109;10888;8328;12343;7701;9185;6630;8362;8328;9311;10394;8308;8553;8080;7699;8320;10105;8535;8027;6941;8408;10699;10696;10941;8342;6892;8111;7944;8760;7790;6324;7379;8041;7825;7333;10958;8527;7611;7384;8815;9747;8196;8665;8236;7574;6851;10177;8551;8587;7527;7681;5375;5843;8778;7715;8641;8173;7663;6208;7779;8088;8472;8113;8316;9273;10329;6729;7652;8010;11341;6388;6619;6447;5710;7424;8322;9758;11397;9818;8058;7466;8356;4976;6444;7933;8244;8252;6269;4004;8104;9836;10017;7526;10159;5431;7680;9642;4644;6185;9537;5062;8399;8714;5387;5475;9166;8798;8640;7068;10211;8863;8234;6382;7623;8776;9742;10217;9444;5444;8003;8892;6955;8334;5488;4537;8020;7520;9353;9093;5331;10492;7378;7225;7265;8417;7801;8051;8214;5492;8670;9285;8614;8226;9377;5210;9811;7761;8406;9360;10325;7043;6705;6013;6500;6085;7712;6576;6247;6396;5568;5698;6669;8350;11558;9624;8055;8700;8370;5455;10018;7906;7314;6493;5575;7855;7491;6607;7805;7485;6492;4557;7412;8278;5350;9069;8052;5168;5131;5586;6488;8084;6050;7424;7678;7323;6898;6017;6820;8033;8610;9079;8597;8343;8087;7138;7319;8811;8117;5704;5928;8337;7052;9813;6952;6316;7871;7267;8046;5695;7882;3917;8545;5595;9181;8641;7245;9456;9355;8320;9100;8533;8393;8272;7411;10759;10467;13351;7519;4491;8312;4821;8471;7557;8901;8656;7339;9298;8733;8755;8117;8253;4480;5634;9071;7494;8139;4669;5470;7575;6811;6139;8498;7377;7117;5412;5073;5267;7639
ERR1308607.fastq;3784;5124;3967;3453;5061;3496;5452;3932;4682;4645;5790;4649;3845;4915;4543;3357;4095;4082;5281;5296;4013;5210;5014;4516;4900;5145;4487;4540;4141;4880;5818;5816;5179;4843;4300;4758;4746;4779;4041;4686;4374;4565;4474;4036;4775;4634;3901;4169;1551;4871;4469;5036;4148;3984;3907;5663;4764;4837;4193;4965;3961;3684;5065;4321;5104;4824;4564;4378;4766;4711;4404;5287;4344;5170;5947;3879;3092;4513;6331;3622;2898;4330;3432;4529;4434;4934;6363;4803;5159;4802;3635;4804;4690;4738;4193;3852;3618;2966;4549;5956;4636;4308;5566;3708;4208;5502;2155;3715;5158;3544;4579;4420;3545;2937;4827;4721;4533;3373;5466;4321;4607;4105;4503;5004;5583;5418;4878;2686;3881;4386;4784;4731;3969;2684;3824;3975;4629;5095;2193;5914;4151;4595;4682;4898;4189;4554;4300;2891;4811;4538;4646;4063;5564;1663;6045;2679;4902;3845;5873;4185;4483;4478;4206;4087;3453;4539;4583;4447;3713;3717;3971;4635;6492;5531;5154;4975;4779;3922;5111;4410;4269;3781;3694;4705;4609;4052;4169;3305;3880;3683;4660;4819;2878;4765;4627;3681;1238;3217;3711;4202;3947;4573;4481;4410;4454;3533;3716;4583;4557;4803;4591;4387;2224;4239;4067;5122;4124;3941;3568;4631;4165;4953;4248;3255;4061;3942;4817;3748;3215;2855;4738;4113;4755;5105;4334;4990;4581;5435;4499;4861;3816;4181;4649;4730;5749;7093;4585;4099;4965;2090;4698;4206;4014;2640;4026;5211;4670;4062;4272;4372;3394;3531;4660;4236;4437;4651;2425;4623;4430;3518;3065;4001;4383;4059;2813;663;4225
ERR1309087.fastq;4674;6986;4416;4047;5525;5433;6496;2469;6003;5711;7776;5677;7829;6380;5687;4334;5041;6357;7224;8381;5232;5621;5474;5546;4966;6215;5773;5787;5217;6162;7877;8480;6045;5966;4755;5664;5564;5992;4399;5440;4862;5357;6029;5228;7057;5716;5508;4512;6266;6092;5301;6075;6022;5616;4861;7234;6234;6189;4682;5926;4635;4303;6282;4838;6617;5822;5764;5669;6528;5666;5935;6366;5521;7181;7227;4361;5812;5556;8038;4027;4871;4897;5078;5776;5559;6865;8086;6829;6101;5611;5779;4742;5753;5649;5238;5518;4330;4385;5613;7100;5804;5220;6984;4723;5149;6925;4014;4958;7146;4109;6731;5624;5077;4806;6111;5849;5723;5222;8099;5710;5605;5201;5908;6343;6974;7222;6807;4241;5441;2232;6033;5905;5103;3096;5685;4912;5782;6290;4693;8067;5371;5262;5752;6089;4757;6160;6623;4004;6458;6285;6460;6622;7025;4868;7059;5267;5994;7076;6436;4923;5157;4470;4832;4876;4251;5594;5638;5494;4176;4438;5038;6133;9848;7307;5884;6549;6337;4520;7225;5377;5340;4117;3944;5355;5371;5022;5178;4630;4310;4426;5687;5973;4444;6708;5577;4754;4514;4701;4563;5358;4617;6330;5197;5047;5266;4242;5286;5718;5942;6250;5719;5495;2834;4998;5460;6629;5038;4569;4180;5801;5292;7236;5341;3640;5419;4828;6319;4560;4740;4422;6516;4873;5889;6051;5607;6693;6983;6021;5756;6223;4733;5786;5559;6126;7407;8569;5441;4953;6117;4953;5452;5315;6343;6359;4815;6361;6750;5804;5811;5326;4362;5003;5630;5360;5962;5515;5922;6037;5546;3570;4441;5424;5113;5174;4994;4062;5154
ERR1309162.fastq;2929;5490;4007;3732;4732;4384;5292;3961;4871;5220;6018;4595;6353;4884;5237;3697;3959;3559;5328;5799;4190;4058;4205;4316;3837;5286;4759;5145;4087;4962;6028;6231;5299;4797;3696;4555;4372;4636;3668;4504;4260;4424;5051;4394;4881;4569;4224;4276;3369;5223;3815;4508;4728;4032;4000;5532;3302;4930;3636;5142;4085;3339;5125;4220;4761;4260;3984;3844;5334;4642;5146;5347;4585;4146;5993;2294;4259;4492;5399;3724;3887;3674;4297;4512;4356;5656;6328;5231;6627;4743;5069;2484;4622;4673;4332;4578;3754;3563;4052;5530;4915;3472;5724;3757;2765;4834;2895;3620;4841;3189;5334;4757;4124;3718;5300;4915;4962;3912;5865;4692;4537;4256;4864;4583;5280;5552;4352;3245;4426;2627;4979;5297;4340;1879;4124;4158;4739;4950;3926;5870;4306;4674;5066;4952;3941;4149;3675;3527;4981;5202;3709;4549;5173;4072;6120;4134;4784;4563;5685;4017;4281;3908;4315;4486;3995;5025;4574;3636;3388;3883;4314;4744;6592;5531;4860;4945;4507;3976;5750;4359;3821;3381;3742;4308;4020;3165;4237;3882;3678;2721;2590;3218;3749;4593;4397;3436;2743;3656;4021;4468;3405;5383;4180;4045;4297;3609;4339;4601;5190;5177;5091;4429;4605;4553;3892;4930;4147;4045;4198;4905;3989;5729;4206;3605;4584;4294;4527;3331;3639;4284;4301;4339;4858;5091;4354;4888;4611;4088;4812;3359;4328;4779;4661;5307;5012;7317;4672;4197;5517;3368;4684;3850;4671;4745;3752;4385;4791;2957;4442;4425;3418;2001;4850;4456;4730;4310;3595;4819;4466;3371;3424;4341;4138;4306;4116;3373;4187
ERR1308715.fastq;3846;5751;4033;4336;4633;4715;5114;4288;5268;5733;6356;4515;5795;4824;4485;4049;4421;5053;5960;6385;4641;4299;3663;2531;3644;5985;4526;4775;4262;4985;5539;6456;5380;4995;3260;4633;4405;4852;4550;4353;4313;4552;4632;4216;5864;4750;4464;4235;5039;5599;4585;4798;5326;4131;4017;5088;5002;5137;4298;4818;4047;3305;5160;4409;5083;4759;4282;4221;5537;4648;5220;4566;4595;4955;6065;3649;4602;4569;6538;4133;3937;3030;4343;4474;4514;5645;6595;3701;4734;4923;4739;4827;3584;4702;4597;4825;3394;3023;4825;5512;4971;3994;5871;3972;4049;4938;3576;3701;5630;3618;4958;4690;3405;2650;5343;5015;5043;4466;5796;4913;4339;3383;4320;4452;5782;6092;5695;2896;4419;3509;4775;5553;3103;2895;3756;4220;4871;5147;2665;6258;4338;4780;4627;4778;4289;5004;5439;3667;5342;5499;5164;5265;5420;3149;5765;4620;5020;5975;5622;4315;4317;2912;4240;4508;4565;4129;4559;4087;2914;3939;4077;5223;7658;5782;4613;5070;4889;3795;5724;4340;3972;3528;2356;4173;3930;2978;4354;4005;3898;3794;4269;4692;3241;3121;4354;3433;3094;3092;3740;4701;3474;5326;4088;3364;4263;3932;4262;4480;4971;5176;5298;4785;3071;4395;4440;5005;3840;4213;2765;4632;4114;5873;4333;2585;4724;3734;5327;3266;4047;2697;5140;2745;5357;5149;4324;5541;5583;5042;5088;4933;4034;4966;4165;6004;5966;7346;4545;3601;5099;3456;4895;3499;5258;5315;4556;5421;5401;4594;4884;4765;3066;3098;4819;4296;4673;4327;2344;4822;3828;2879;4153;4420;4042;3984;3340;2541;3780
ERR1309167.fastq;4146;5811;3477;3199;4699;4148;4732;4556;5958;5267;6444;4926;5255;5399;4216;3824;4660;4592;5792;6146;4608;4369;3941;2967;5235;5659;5283;5246;4585;5166;5960;6712;5414;5130;4988;4941;4648;5370;2165;4754;4424;4517;5091;4546;5854;4960;4653;4418;5355;5467;4826;4402;4687;4522;4338;6081;5221;5303;3675;5662;4310;3145;5197;4366;5152;4959;4332;3926;5630;4889;4806;3849;4878;5838;6439;3690;4629;4870;6529;3821;3898;3127;4736;4992;4819;5803;6858;6219;5743;5020;5060;4277;4964;5097;4824;4476;4074;3780;5056;6053;4973;4305;5983;3693;4255;5623;3250;4207;5328;3042;5621;4872;4450;4176;5488;4979;4892;3968;6683;4551;4615;4460;4902;5318;5708;5693;4652;2132;4590;2115;5208;5862;4464;2128;4113;4163;5043;5362;4239;6756;4258;4975;5013;5178;4676;4726;5160;3765;6431;6070;4478;4557;5611;4218;5886;4075;5249;5473;6287;4279;4762;4548;4187;4801;3965;4868;4837;4416;4015;3954;4318;5060;6689;5556;4798;5170;4924;4134;5970;4512;4263;3380;3240;4133;4237;3512;4563;4052;4040;3984;4963;5011;3514;4851;4773;4038;4031;3871;4131;4659;3584;5530;4328;3919;4687;3919;4448;4696;5652;5378;5359;4785;4048;4188;4524;5678;4496;3932;3311;5320;4361;5803;4510;3135;4526;4652;5520;4148;4069;2990;5508;3927;5172;5723;4493;5339;5374;4721;4904;5188;4261;4505;4926;5304;6118;7652;4573;4151;6100;3999;5192;4184;4605;4720;4884;4977;5310;3282;4953;4959;3298;3013;4956;4168;3915;5127;4960;5387;4554;3374;4032;4351;4508;4525;4442;3917;4271
ERR1309458.fastq;3567;5525;3887;3418;5015;4329;4550;3793;4797;5128;6167;4683;5460;3770;5081;3858;3519;4712;5422;5779;4092;4535;4118;4020;3591;5366;4776;5254;4082;4909;6202;6392;5344;4942;3945;4707;4511;4582;3503;4450;4338;4482;5000;4394;5541;4594;3809;4339;3902;5318;4100;4941;4588;4594;4010;5339;3227;4895;4224;5196;3880;3025;5107;4235;4671;4401;4481;4825;5347;4700;5071;4864;4528;5363;5799;1710;4533;4451;5906;3657;3611;3727;4468;4730;4341;5486;6194;3047;6770;4650;5045;3570;4549;4653;4261;4615;3740;3135;3918;5896;4814;3908;5683;3859;3403;5082;3207;3771;5029;2782;5402;4737;4300;3993;5363;4989;4934;4459;5640;4767;4561;4224;4816;5244;5459;5520;4485;2556;4368;3715;4847;5318;4454;1888;3966;4155;4759;4925;3442;5867;4021;4524;4876;5033;3838;4643;4477;3645;4930;5244;4256;3350;5616;3556;6050;4257;4736;5585;5499;4106;4327;3845;4311;4342;3923;5031;4726;4005;3615;2767;4227;4830;7052;5455;4926;5092;4906;3486;5454;4318;4065;3741;3629;4415;3951;3925;4341;3980;3850;2876;4113;3562;3410;5155;4558;3577;3407;4107;4131;4434;3818;5298;4197;3950;4392;3250;4125;4532;5250;5161;5200;4435;4583;4692;4185;4361;4081;3923;4130;4866;4171;5799;4236;3612;4577;4298;5001;3373;3046;4264;5140;4334;4772;5046;4303;4784;4440;3414;4805;1482;4211;4744;4552;5758;4914;7430;4591;4164;5513;3792;4608;4302;4781;4536;2935;5069;5038;3671;4651;4425;3466;3288;4720;4223;4636;4529;3623;4875;4544;2843;3982;4290;4110;4153;4177;3671;3917
ERR1309464.fastq;3113;4471;3405;3720;4526;2884;4469;3382;3122;3573;5017;3803;4153;4068;4464;1771;3217;4252;4198;5110;3005;3867;3703;3609;3887;3767;3430;3802;3067;4356;5422;5321;3797;4312;3931;3788;3769;3442;4235;3374;3651;4056;3923;3693;4289;3735;3775;3013;3586;3768;4046;3775;3911;3306;3547;4818;4057;3862;3026;3454;3541;3676;4205;3774;3931;3879;3773;4027;3478;4059;3203;4567;3449;3705;5030;3452;4089;3279;4667;3354;3581;3834;3241;4087;2592;4494;5159;3206;4005;4336;4444;3633;2869;3381;2925;2691;3260;3508;3754;4615;3691;3506;4922;2957;3503;4665;2304;3056;4166;3285;3069;3422;3788;3397;3601;3525;3284;3414;3995;3444;4110;3660;3852;4645;4463;4475;4227;2718;2928;4501;4373;2980;3656;2909;3634;3916;3869;4227;3050;5254;3593;2629;2383;4391;2967;3851;3881;3185;3767;3153;3757;4122;4866;2530;5029;2546;4206;4337;4960;3585;3513;3350;3093;3362;2939;4319;4107;3587;3092;3746;3451;4327;5141;4338;4375;4264;4184;2970;4682;3466;3077;3543;3241;3591;3554;3231;2812;2663;3509;2684;3765;4220;2934;4406;3742;3091;3221;3505;3418;3101;3473;2879;3419;3253;4066;3344;3602;4034;3505;3463;3450;3160;3102;3103;3655;4488;3195;1670;3464;2805;3253;4859;3571;3208;3327;3604;4112;2392;2866;2863;4484;2933;3271;2995;3664;4340;4291;4213;3636;4083;3314;3107;3981;4724;4764;5174;3866;2424;3502;3210;3338;3682;3634;3725;3787;4265;4261;3976;3183;3152;2999;2624;4332;3718;3972;4042;4286;3681;4154;3224;3268;2639;3614;3499;3599;2856;3775
ERR1308770.fastq;7884;11730;8880;9565;9306;8629;11079;8421;8767;9735;13318;9852;13240;11721;11129;7356;8897;10270;11760;14212;8491;10460;9790;9800;9671;10286;8701;9361;8690;10587;13754;14785;10369;10579;10824;10319;9900;9667;10032;8448;9193;9953;9590;8851;11664;9654;9769;9683;10352;9972;9900;11626;11309;9518;9047;12491;10311;9896;5961;8165;8588;8545;10328;9823;10956;10154;10186;11165;7901;9887;9543;9024;9203;11221;11943;8118;9806;8683;13623;7646;8109;9600;8018;9777;8872;11753;13588;13134;5938;10263;10337;8269;8669;9440;9004;8671;8016;7285;9188;12891;10157;9445;11957;8108;9931;11781;6401;7972;11891;4432;12008;9213;7752;7110;10192;9675;9286;9699;13364;9166;10040;8156;9379;11665;12542;12695;12946;7229;8815;10927;8109;9312;8251;7227;11268;9371;9862;10881;7085;13954;8876;6600;8467;10357;8211;11780;11055;6155;9372;9544;11365;11307;12296;7451;12937;8538;10356;11973;12704;8698;8330;7424;8426;7900;9738;5568;9513;9393;6523;7691;8148;10764;17026;12204;11235;11083;11537;6903;12378;9638;9323;9542;10210;9691;9375;9203;8493;8242;8376;5144;10329;9605;7843;10082;9975;7753;6161;7030;7751;8297;8533;8596;9508;9100;8892;7684;8524;10080;9565;9742;9233;9123;8445;9734;9743;10450;8804;9130;8874;9023;8885;11929;8831;7215;8926;9509;10178;8839;7846;6938;10918;6892;9718;7936;9033;12077;12213;12018;9713;10484;9446;8793;9695;12785;12679;14737;9338;7460;8837;6583;9136;10225;11385;11527;9258;11751;11915;11586;8992;9156;7735;6800;10542;9510;10062;9555;6362;8883;9588;3786;9106;8322;8708;8861;6063;5967;9247
ERR1308745.fastq;22092;31235;23024;20946;32010;21288;31736;23997;24496;24081;34222;26149;37505;32397;26875;23173;24404;30177;32375;36754;22292;24013;24481;23441;28299;25739;23868;24452;22726;26373;35377;38307;25455;27418;23076;24128;24009;25265;23399;24221;22882;24565;24682;23245;31088;24979;26156;24864;25186;25476;26589;28120;28070;26561;22074;32983;26607;26930;23612;24231;22181;22169;27181;25715;25216;25228;25233;24556;27530;25050;24660;31813;25216;32759;33682;23196;26861;24589;37267;22033;24317;23833;22362;26916;24675;31261;34638;34233;25174;27057;24971;25410;24433;23760;23515;21707;22017;22582;26675;33386;25087;25360;33159;23792;24259;31886;21113;22373;31381;21891;32330;24658;23723;22634;25767;24826;23938;26484;35090;24801;24910;22659;24312;31503;29991;30467;30150;21921;24161;24518;25841;24487;24505;20332;25935;25414;24623;27410;22640;36508;26466;23499;24398;26120;21980;28854;28486;21550;24309;25941;28730;29002;32603;23402;33699;20782;27303;32649;33891;23487;23270;22590;22910;22619;21986;25156;25696;26025;22202;22892;22367;27335;29465;26346;25873;25884;25904;21997;33583;23535;23467;22754;22922;23426;23320;22710;23561;22343;22591;21971;27316;26867;21581;32035;26202;21824;21862;23010;22432;24524;24981;27455;23176;22835;23820;21181;23318;24740;25517;25164;24023;24580;21619;26474;25948;31205;24126;24530;23174;23982;22808;31315;23312;21439;23575;25825;30560;23805;23248;22415;32597;26257;24930;24856;23668;29474;29676;29329;24920;26522;23450;22441;26447;31143;33829;37584;23859;22460;24496;23541;24246;23802;28538;28496;26078;29002;28416;27413;24561;23745;22252;22247;26653;22643;27326;25282;25167;23813;24239;21656;23535;22175;23381;23344;22775;20834;23021
ERR1308720.fastq;3805;6135;4304;4950;5295;4969;5842;4257;5326;5738;7176;5120;6879;5699;6011;4196;4962;5918;6675;7318;4840;5349;5019;4582;5429;5992;5186;5608;4642;5543;6732;7656;5744;5673;4613;5358;5115;5384;5133;4756;4828;5298;5370;4958;6635;5583;5378;4762;5059;5801;5492;5390;5551;5076;4335;6613;5626;5619;4342;5109;5004;4542;5592;4935;6039;5452;5051;5278;4701;5185;4696;5252;5432;6325;6461;4061;5123;4808;7411;4131;3673;5006;4533;5361;4908;6385;7439;6011;6513;5403;4077;4265;2629;4845;5302;5245;4228;4508;5405;6980;5933;4693;6368;3077;4818;6109;3559;4360;6491;3121;5780;5287;4925;4518;5484;5353;5199;4282;7275;5257;5281;4949;5247;5458;6522;6662;6160;2732;4943;4856;4590;5301;4949;3250;5266;4484;5698;5979;4229;6811;4741;4071;4665;5498;4583;5895;5192;3775;5533;5632;5782;5837;6257;4735;6639;4910;5394;6354;6842;4751;4984;3879;3891;4501;3614;4583;5011;5250;3405;3821;4612;5445;9064;6912;5052;5912;5355;3265;6703;5035;4819;4064;2619;4962;4707;4060;4685;4113;4226;4111;5349;5562;2401;5402;4955;4320;4497;3944;4208;4993;4420;4516;4767;4525;3318;4496;4915;5240;5314;5441;5249;5314;5003;3891;5374;5071;4850;4583;2128;4938;4662;6593;4575;3635;5002;4993;5657;4197;4498;3116;6069;4079;5509;4316;4545;6139;6296;6068;5411;5647;5009;5361;5260;6691;6739;8159;4994;3717;5171;4336;4925;4350;5510;5669;5069;6066;6159;5406;5000;4924;3609;4219;5937;4862;5239;4942;3283;4725;4816;3365;4958;5002;4778;3796;4077;3370;4904
ERR1309496.fastq;4263;8512;5559;4591;7867;7968;7689;6295;9087;9980;9775;6861;9922;8152;8040;6293;7114;7175;8725;10219;7935;7512;7288;5861;6373;9655;8604;9525;4953;7849;10490;10578;10073;7620;7053;7249;6848;8169;5787;7097;6748;6597;7655;6696;8407;8083;6032;6261;7323;9738;6326;7619;7984;6220;5266;8494;5678;7713;6441;9658;6171;4578;8145;6534;7483;7032;6502;6532;8165;7257;9405;7986;7871;9301;8653;3851;6675;7671;8696;5843;5974;5624;6447;6900;7690;8787;10072;7691;13694;7458;7939;4157;7216;7161;7625;8725;6052;5614;5728;8603;8419;6103;8879;4789;6442;8878;2236;5945;9033;4379;7276;7983;5962;5334;9438;8371;8272;6320;9001;8342;6868;5516;6930;6546;8335;8557;8884;4768;7502;5301;7696;9735;6574;4323;7409;6785;8085;7940;5702;10185;5631;8239;9207;7602;6915;6575;7404;4948;9538;9339;7497;8262;7586;5618;9016;7812;7261;8709;8749;5577;6887;5169;6615;6825;5676;7755;7005;6006;5308;5226;6589;7597;9581;8445;7826;7740;7686;5306;8082;6381;5752;4421;5703;6824;6115;4495;7330;6622;6085;3161;5211;6156;4854;7769;7176;5416;5014;6027;6201;7837;2820;8217;5301;4845;6723;5300;6665;7087;8895;8714;8809;7794;7686;7239;5659;6535;6900;6194;6514;8756;6022;9003;7016;5659;8162;6031;7503;5536;6007;6302;7736;6610;8613;9936;6151;8180;8467;7099;8257;5145;7633;9390;7250;9306;8129;12432;7361;6700;11243;6166;7643;6353;6196;6294;2417;8060;7832;7393;7507;7349;2979;4455;7415;6408;6891;6112;6073;7321;6771;4600;7186;7608;6698;6819;6017;5088;6228
ERR1309082.fastq;4039;6067;4202;4957;5181;4703;5391;4291;5435;6040;6816;4748;6182;5816;6009;4255;5107;5496;6285;7141;4570;4922;4283;4556;5091;5961;5229;4974;4266;5475;6554;7280;6159;5506;4399;5051;4739;5251;5146;4066;4670;5219;5355;4591;6376;5433;4736;5060;6021;5782;5289;5442;5328;4667;4348;6483;5586;5488;4102;4826;3260;2050;5544;4497;5436;5091;4827;4539;4668;5113;5138;5789;5161;6568;6034;4576;5114;4776;7001;4144;3583;4057;4070;5184;4865;6230;7241;6070;4837;5269;4458;4408;3096;5104;5000;4765;3840;4186;5313;6228;5909;4645;6174;3377;4320;5774;3378;3899;6418;3039;6183;5035;4626;2368;5674;5370;5189;4874;6001;5280;5152;4342;5078;5737;6160;6368;5659;3657;4892;5874;4984;5103;4129;2971;3888;5167;5661;5629;4132;6491;4626;4065;4270;5568;4411;5205;4915;3706;5811;6050;5332;5486;6085;4489;6334;4579;5426;6221;6527;4531;4053;4730;4221;4251;4684;4324;4722;4709;2263;3751;4166;5657;7729;6140;5332;5616;5500;3357;6370;4882;4558;4232;4205;4566;4099;3288;4757;4292;4485;3469;4765;5381;3264;4986;4864;3468;2508;4060;3974;4837;4105;4887;4649;4163;4114;3566;4217;5228;5244;5516;5129;5105;5298;4973;4905;4959;4499;4459;3338;5094;4427;6555;4502;3167;4697;4954;6516;4682;4402;4018;5226;4341;5302;5443;4497;5689;5789;4980;5432;5610;5215;4823;5136;6020;6534;7995;4927;3444;5136;4456;4926;3505;5384;4988;4766;5505;5471;4576;4782;5012;3970;4098;5723;4890;5377;4654;3482;4659;3581;3436;5438;4316;4630;3163;4522;3548;4820
ERR1309425.fastq;4338;6569;4613;4886;6249;4208;6156;4819;4797;4748;6783;5542;6732;5074;6037;4218;4518;5867;5705;7437;4205;3746;4106;3248;4876;5127;4388;3392;4714;5711;6899;7156;4948;5841;5175;4918;4851;4664;5265;4840;4876;5355;5152;4672;6319;4836;4951;5273;2183;4981;5411;5221;5831;5369;4551;6471;5730;5470;4198;4572;4648;4739;5803;4593;5108;5019;4944;5238;5202;5409;4477;6012;4595;6231;6899;4906;5529;4113;7193;4580;5052;5101;4661;5595;3878;6523;7067;6103;4089;5556;5349;4681;4531;4962;4456;4528;4385;4501;5699;6370;4961;4733;6705;4069;4014;6360;4284;4437;6200;4178;6506;4669;4068;4175;5131;4868;4670;4562;6614;4802;5448;4491;5045;6441;5886;6250;5827;4210;4545;5935;5122;4312;5013;3657;5792;5266;4905;5391;4126;7218;5341;3377;2466;5689;3915;5080;5581;4217;4741;5168;5291;5931;6527;3962;6871;4181;5723;5930;6687;4858;4715;4029;4417;4668;5023;4527;5294;5363;4215;4157;4558;5599;5759;5406;5463;5292;5247;4214;6445;4666;4546;2858;3704;4571;4489;4002;4602;4333;4698;3996;3711;5627;4037;6347;5420;3662;3522;4238;4432;4370;4422;5141;4244;4236;4765;4332;4857;5431;4546;4814;4781;4585;3245;5404;4958;6185;4631;4997;4414;4531;4530;6127;4799;4239;4056;5309;5504;4701;4038;3385;5181;4488;4629;4789;4954;5617;6057;5645;4667;5688;2486;4388;5521;5516;6366;7230;5072;2238;4650;4219;4623;4538;4492;5663;5109;5796;5839;3700;4514;4657;4569;4169;5888;4901;5671;5200;3578;4900;5094;4268;1931;4105;4795;4236;4010;2192;1231
ERR1308955.fastq;3122;5248;3410;2082;3613;4379;4733;2590;4876;5143;5775;4238;5941;4731;4870;3256;4235;4557;4934;5936;4242;4010;3622;3180;3840;5357;4747;5071;3740;4414;5933;6112;5262;4358;3972;4413;4022;4456;3483;4210;4054;4025;4638;4023;5190;4394;3471;3531;3414;5156;4186;4300;4283;4065;3569;5262;2953;4768;3920;5189;3921;3163;4935;3545;4561;4096;3799;3845;5098;4267;4922;4702;4494;4827;5434;2830;3991;4345;5867;3088;3349;3611;4178;4188;4155;5217;5965;5080;6974;4322;4618;3090;4376;4450;4184;4620;3736;3225;3788;5112;4736;3819;5326;3517;3564;5092;2669;3613;4506;2267;4943;4469;3958;3690;5038;4579;4699;3979;5119;4623;4146;3814;4387;4634;4898;5058;5354;1758;4154;3523;4593;5238;4205;3063;3750;3688;4612;4789;3085;5393;3718;4602;4931;4514;3891;3090;3485;2880;5314;5034;3336;3105;5247;3510;5169;4153;4590;4930;5543;3891;4103;3736;4224;4335;3548;4652;4322;3451;3070;2753;3949;4625;6054;5020;4402;4487;4258;3459;5306;4017;3421;2879;2828;4157;3776;2922;4135;3685;3665;2882;3224;3127;2772;4894;4355;3353;3021;3210;3710;4308;2847;5008;4073;3596;4061;3527;3825;4142;4912;4940;4909;4370;4331;4586;3592;4884;4158;3241;3947;4678;3827;5198;3899;3447;4532;3954;4576;3094;3603;3892;3731;4397;4685;5108;3962;4256;4315;3545;4779;3471;4059;4792;4594;4751;5253;7085;4411;3898;5655;3344;4544;3760;4318;4117;1330;4511;4309;1816;4254;4228;2958;3354;4441;3976;4203;4072;3017;4689;4118;3274;3510;4220;3868;4102;3747;3276;3965
ERR1309373.fastq;3906;6222;4047;4623;5553;4952;5014;3822;6635;8056;6021;4766;6993;5001;5888;3692;6053;5207;5074;6366;5040;4114;3269;1819;4774;7436;5981;5201;3994;5053;6699;6355;7108;5251;3041;4671;4083;6323;4008;4335;4458;3652;5055;4216;5419;6612;4976;3683;5488;7422;4963;3825;3912;4137;4071;6140;5357;5510;3713;5936;3605;3624;5709;4023;5205;4666;4032;3172;5447;4893;6213;6137;5935;5794;6573;3831;4765;6050;6607;4443;3765;4606;3846;5033;5411;6383;7004;5876;5135;5208;3472;3487;3844;4792;5283;5744;3205;3292;5156;5426;6528;2904;6069;3276;1425;3899;3709;4028;5208;3590;5775;5857;3544;3081;6832;6262;6517;4211;5940;6027;3700;3297;4630;5856;5827;5733;5613;3038;5440;4779;4858;6144;3731;3268;2765;4502;6866;5464;4558;6263;3982;4994;4916;5042;5660;3461;4530;3990;8171;5247;4841;4529;6227;4541;6267;4585;5202;5459;7046;3825;4202;1601;3882;3442;4180;4659;4539;4654;2880;3353;3789;4089;6199;5441;3857;4949;4633;3440;5489;4748;4473;2835;1387;3929;3366;1286;5565;5051;3785;3698;4519;5351;3722;5752;4898;3574;3362;2252;2862;5461;2981;5335;4157;3127;4291;3437;3919;4782;6149;7029;8137;5671;6020;4482;4343;5637;5118;3133;4739;7276;4231;5792;4834;2624;5882;4980;4108;988;5018;1080;6094;4158;6410;5731;4369;5199;4961;4805;6064;5146;5948;6278;4629;4524;6366;9176;5070;2590;7255;4344;7357;3583;4723;4713;4598;4997;5084;3390;5279;6150;3916;4031;5853;4787;5057;4361;4036;4503;4692;3426;5446;4867;4653;4999;3654;701;4890
ERR1308614.fastq;3238;5050;3652;4376;4746;3971;4874;2404;4287;4945;5481;4299;5021;4144;4946;2387;3949;4429;4826;5848;4284;4253;3816;3281;2467;5023;4366;3370;3696;4478;4978;6257;5408;4708;3646;4333;3966;4460;4250;3676;4104;4257;4205;3872;5154;4389;4000;3711;4083;4828;4218;3846;4304;3685;3900;4066;4647;4703;3091;4252;3786;3833;4730;3917;4661;4196;3913;3542;3649;4264;4130;4712;4245;3400;5659;3617;4072;3871;5441;3273;2036;3987;3530;4534;4053;5007;5768;4151;3852;4272;4810;3731;3276;4448;4211;3896;3585;3120;4357;4964;4931;3704;4942;3200;3772;4328;2356;3054;5075;3053;4940;4484;3769;2854;4305;4204;4416;3848;4751;4299;4508;3812;4175;4680;5253;5109;4773;1823;4085;4749;3917;4268;3778;1820;4196;3539;4726;4989;2372;4777;3839;3578;2865;4483;3989;4136;3931;2737;4441;4741;4156;4544;4977;2839;5694;3822;4463;4780;5440;3890;3442;2253;3823;3259;4093;4594;4247;3745;3304;3112;3193;4549;6362;4831;3751;4527;4298;2294;4640;3941;3175;2012;3089;3908;3606;2571;4033;3504;3843;2942;4100;4541;3533;5257;4085;3031;1988;3076;3446;4151;3476;3473;3710;3326;3895;3344;3604;4232;3943;4359;4402;4298;4168;4114;4087;4627;4077;3453;3931;4282;3648;4602;3877;3423;4131;4044;4159;3587;3794;1067;2753;2517;4702;4479;3941;4710;4933;3620;4630;4644;4413;4241;4451;3987;4608;6890;4077;2635;4836;2612;4239;3618;4340;4614;4259;4741;4572;4477;4059;4121;3457;3398;4923;4476;4252;4016;1033;3705;3888;2462;4174;3767;4005;3961;3436;2465;4246
ERR1309216.fastq;7392;14068;8968;11052;11554;10472;12321;9604;11384;12014;14706;10657;13651;11943;12949;7968;10972;11141;13188;16980;10665;11754;11816;10812;12292;12644;9257;10665;9931;12319;14621;13809;12609;12266;10973;11441;11363;11695;8168;10635;10041;10144;10955;10372;13932;11266;11368;10198;10777;12704;10289;11911;11291;9899;9818;13055;8345;12290;8573;11361;5411;7198;12523;11174;11898;11791;10898;11449;11815;11728;11851;13594;10757;12464;14580;9093;11902;10528;15847;9225;9732;7865;8175;11702;11582;14436;15743;11932;10344;13371;10665;11609;7548;9592;11028;10492;10490;9077;12538;12819;12601;9809;12190;9190;10681;13393;7531;8642;13607;6943;11417;11726;6610;9857;12124;11525;11125;10446;13916;11481;8037;9500;10104;11790;13518;14003;7234;8590;10696;13015;11868;11084;11669;4783;6558;10534;11998;12569;9459;14079;10793;8968;9870;12510;10221;10905;11955;6617;11467;10463;12798;12084;13017;6687;14881;10541;12222;11496;14778;9943;10760;11618;9539;9537;9039;11210;11852;10417;9434;6025;5926;11943;14236;12754;11911;12424;12680;9061;13182;10864;10141;9061;8530;10948;10281;10067;9846;9693;9638;8472;11164;12917;8858;13706;11926;9387;7008;6506;9636;11123;8186;9537;10426;9817;10862;9043;10049;11605;11236;11499;10982;11594;7758;11047;10201;13824;10891;9567;7158;10690;9629;13559;9668;8461;10980;11071;13363;9555;9778;7522;10981;9748;12104;11497;10383;12481;12986;10411;11810;6331;10411;10558;10448;14356;13958;17856;11253;7892;12249;6308;11206;10547;10568;10894;11802;12937;12830;12027;10813;11003;4928;8269;12207;11279;12239;10871;11700;11349;9738;6735;10617;10263;10912;8574;6891;8735;10653
ERR1308936.fastq;3603;5547;3854;3509;4233;4214;4964;3517;4620;4847;6156;4387;5961;4509;5150;3161;4134;4668;5339;5855;3939;4451;4500;3157;3829;5009;4589;4916;3736;4849;5846;6292;5092;4878;4385;4468;4492;4570;3206;4435;4197;4425;4779;4258;5302;4381;4286;4274;3817;5044;4376;4793;4622;4340;3894;5048;2512;4695;3984;4823;4050;3236;5091;3850;4715;4425;4466;4183;5196;4594;4808;4935;4471;5387;5612;2997;4165;4351;5565;3806;3689;3807;4415;4588;4090;5471;6196;4850;5931;4696;5031;3443;4565;4606;4153;4288;3978;3655;3817;5152;4697;4373;5419;3974;3695;5231;2893;3906;5229;2753;5303;4535;4104;3829;5088;4897;4796;4158;5058;4557;4595;4146;4677;3873;5272;5459;5044;2703;4112;3081;4758;5099;4428;3251;3917;4083;4402;4864;3689;5282;3882;4409;4695;4878;3737;4115;3695;3180;4710;4965;4385;4217;5141;3658;5603;3927;4841;5368;5710;4132;4188;4070;4297;4379;3834;4960;4545;4146;3084;2333;4189;4809;6397;5314;4690;5078;4979;3478;4344;4099;4032;3385;3701;3973;4083;3290;4216;3665;4060;3181;4139;3227;2764;4741;4291;3615;3292;3830;3960;4214;3852;5217;4245;4152;4471;3648;4341;4576;5071;4896;4928;4253;4555;4606;3919;2924;4096;3897;4048;4529;3947;5612;4265;3421;4420;3989;4958;3161;3629;4201;4717;4259;4718;4728;4157;4289;4400;4245;4610;3714;4050;4489;4733;5655;4535;7154;4494;4040;5159;3522;4574;4134;4683;4581;3355;4429;4858;3809;4504;4237;3302;3641;4675;4205;4715;4346;3472;4851;4584;3049;3271;4065;4081;4098;3892;3414;4115
ERR1309331.fastq;3734;6332;4013;4782;5197;5277;5427;5015;5157;6326;6971;5411;6257;5189;4966;3996;5097;5929;6722;6478;5368;5532;4960;5002;4791;6674;4841;5579;4629;5639;7412;7466;6304;5646;3968;5247;4983;5501;5218;4731;4887;4970;5211;4606;6830;5597;4888;4644;5744;6564;5569;5211;5423;5070;4746;6778;5706;5777;4259;4958;4515;3527;5803;4718;6014;5379;5134;4493;6186;5279;5857;5706;5407;6454;6637;4267;4946;5207;7271;4248;4589;3191;4513;5472;5231;6498;7350;6474;5298;3735;5090;5383;3846;5110;5140;5505;4214;3176;5581;6688;5646;4850;6579;4296;4617;5694;2951;4603;6588;4427;6117;5411;3619;2684;6038;5532;5418;4157;6444;5677;4957;4396;5042;5267;6559;6855;6105;2867;5062;3887;5408;5445;2152;3248;4826;4251;5482;6024;3526;6970;4863;4847;4770;5489;4628;5539;5686;4217;5978;6249;5324;5831;5915;4136;6676;5320;5385;6776;6570;4768;4805;3781;4777;4877;5120;4775;5021;5045;2624;4019;4733;5402;9277;6700;4826;5842;5336;4501;6429;5162;4764;3891;1817;4942;4884;3532;4876;4250;4308;3915;4876;5645;3978;5777;5219;3486;3977;3466;3966;5298;4051;5877;4775;4178;4814;4089;4657;5220;5541;5766;5699;5295;3934;4686;5009;5260;4302;4187;4017;5135;4527;6917;4972;4125;4948;4043;6385;4169;4696;3270;6226;4378;6192;5744;4925;6201;6320;4826;5718;5596;4712;5699;5263;5458;6718;8337;5170;3054;5796;3998;5464;4221;5496;5934;5029;6268;6172;4800;5428;5263;3840;3440;5366;4803;5507;4919;3863;5500;3954;2535;4573;5150;4599;4386;3254;2540;4731
ERR1309511.fastq;3633;5749;4281;4467;4905;4096;5002;4151;4189;4539;6197;4726;6089;4451;5364;3064;4328;5319;5541;5687;4015;5016;4782;4352;4777;4878;4379;4907;4154;4942;6249;6862;4832;5060;4314;4852;4582;4510;4925;3329;4361;4791;4730;4410;5895;4698;4678;4204;4579;4874;4909;5228;5191;4410;4409;5613;5021;4961;3691;4344;4311;4418;5047;4548;5328;4856;4742;4337;4484;4817;3887;4957;4625;2811;6105;3773;4605;4129;6528;3892;3552;4620;4067;4698;4033;5728;6408;4872;5098;4722;5077;4091;3199;4281;4185;4211;3870;4222;4722;5677;4822;4527;5668;3515;4518;5091;3003;3914;5262;3934;5218;4535;4440;3962;4494;4536;4663;4332;6000;4414;4920;4401;4689;5512;5745;5923;5858;2947;4075;4456;4002;4020;4441;2946;4789;3969;4935;5445;3811;5564;4661;3810;3569;5015;3908;5024;5030;2863;4553;4836;5162;5256;5830;4027;6083;3872;4974;5826;5767;4218;4336;3043;3645;4180;2970;4948;4450;4591;3773;4180;4015;4811;7669;5648;4954;5378;5004;3863;5725;4561;4246;3930;3622;4595;4376;3735;4091;3461;4322;3494;4753;4901;2688;4858;4735;3491;3548;4323;4033;3913;3962;4280;4581;4346;3633;3955;4305;4688;3320;4448;4326;4396;3917;3827;4735;5169;4246;3867;4433;4080;4079;5802;4342;3487;3768;4500;5065;3226;3701;3109;4542;3420;4557;3799;4283;5672;5606;5621;4607;5035;4168;4122;4755;5944;5637;6950;4532;3413;4506;3734;4225;4358;4986;5020;4106;5575;5504;5274;4262;4188;3499;3791;5285;4439;4807;4794;3618;4471;4501;3059;3831;3747;4203;4440;3662;3338;4462
ERR1308950.fastq;3506;5936;3934;4649;5440;4893;5437;4421;5464;5812;6613;4907;6149;5434;4406;3905;4660;5623;6329;6941;4996;4902;4422;4136;4705;6244;4830;5184;4364;5071;6131;7434;5578;5167;3519;5115;4636;5018;4653;4529;4493;4768;5011;4494;6103;5100;4840;3801;5037;5820;5316;5604;5504;4612;4227;6363;5240;5523;4733;5080;4326;3027;5451;4662;5528;4961;4675;4618;5724;4778;5367;5273;4850;5945;6554;3641;4870;4740;6477;4115;4038;3447;4576;4922;4807;5930;6957;5802;4873;2342;4954;5018;3550;5023;4844;5123;3749;3546;5137;6209;5225;4366;6310;4422;4254;5525;2838;4112;6146;3866;5651;4967;3166;3468;5507;5027;5099;4282;6807;5180;4640;3910;4677;5346;6153;6468;6057;1999;4663;2780;5045;5719;3881;1994;5028;4340;4979;5674;3392;6861;4525;5046;4687;5098;4386;4928;5264;3698;5715;5816;4812;5617;6202;3780;6352;4779;5092;6158;6335;4177;4272;3241;4349;4761;4733;4091;4756;4585;3538;4170;4453;5177;8631;6191;4581;5327;4989;3989;6233;4697;4336;4153;2536;4509;3888;2370;4536;4182;4059;4129;4881;5307;3832;5352;4543;4020;3954;3514;3986;4792;3259;5439;4421;4007;4216;3530;4247;4817;5145;5213;5203;4910;3615;4540;4947;4225;4354;3996;3347;4789;4438;6243;4778;3939;4885;3840;5428;3339;4443;3658;4990;3993;5599;5379;4564;5772;5895;5407;5139;5184;4375;5203;4953;5841;6502;7778;4839;3721;5423;3679;5141;4402;5371;5626;4796;5828;5654;5771;5094;4956;3733;2936;5146;4547;4799;4520;3547;5155;3749;3324;4214;4600;4302;4232;3363;3202;4284
ERR1309199.fastq;3992;6111;4119;3484;5201;4586;5467;4392;7052;7341;6533;4877;6261;5357;4955;2845;5306;4833;5002;6498;5157;4573;4114;4156;5076;7116;5697;5626;4413;5465;6381;6260;7638;5293;4064;4929;4746;5598;3910;5081;4749;4669;5336;4633;5375;5940;4744;4905;4532;6681;3314;4606;4667;4418;4281;5963;5566;5400;3562;7053;4280;3243;5654;4503;5260;4943;4528;4054;5895;5025;5620;5955;6056;5319;6106;3554;3833;5550;6122;2480;3759;3358;4557;4875;5387;6143;6629;5556;6792;4733;3982;5079;5124;5176;5468;4986;4026;3701;5227;5957;5846;4306;6306;4344;3701;4763;1579;4297;5022;3606;5526;5673;4221;3840;5853;5999;5612;4220;5940;5788;5118;4524;5366;5674;5735;6078;5870;2259;5097;4431;5234;6983;4302;1120;3930;4714;6052;5596;3613;5886;4715;5861;5896;5418;5473;4250;4620;3582;7092;4773;4270;4289;5530;3460;6014;4545;5345;5493;6231;4587;4865;3506;4745;4983;3833;4987;5091;5035;4066;3774;4652;5427;6657;5716;4505;5400;5416;4117;5840;4616;4077;3914;3813;4734;4654;3772;5028;4468;4216;3893;4535;5376;2532;5394;5510;3891;3422;4753;4857;5579;3696;5793;4381;3827;4629;3670;4462;4982;6034;6201;5686;5434;4531;4369;4186;5069;4930;3899;4817;5843;4724;5561;4639;4272;5020;3675;3093;3895;4729;1523;5994;4449;6089;6590;4682;5243;5685;4446;5683;5488;4694;5074;4916;4526;6541;8795;4999;4334;6695;3667;6147;4067;4334;4696;4914;5042;4877;4069;5332;5253;4048;4256;4601;4572;4785;5254;1562;5296;4647;3327;3855;4615;4780;4678;4456;2877;4615
ERR1308665.fastq;3889;5739;4126;4974;5327;4122;5961;4084;4856;4939;6731;4955;6507;5341;5692;3631;4818;5008;5975;6108;4194;5202;4807;4547;4657;5397;4699;4479;4380;5454;6105;7168;5805;5426;4700;4835;4847;5195;4058;4065;4750;5193;5040;4663;6051;4779;4755;4740;5556;5227;5370;5393;5305;4060;4650;5606;5294;5135;4017;4581;3822;3603;5586;4720;5348;5156;4835;5165;5040;5244;4821;5483;4776;5531;6471;4387;5182;4742;6788;4172;3560;4554;4275;5180;4623;5486;7003;5282;4270;5206;5898;2045;3590;5006;4749;4331;4415;3467;4816;6335;5459;4691;5997;4307;4605;6051;3467;4235;5681;3558;5447;5005;3449;3756;5257;5051;4911;3737;6069;5146;5451;4501;4933;4988;6119;6366;5529;3855;4384;5848;4345;5091;4444;3427;4810;4376;5334;5517;3544;6683;4528;4640;4334;5364;3373;4996;5286;3358;5013;4405;4808;4808;6245;3884;6490;3940;5537;6035;6211;4648;4613;4798;4284;4427;4803;5473;4918;5098;3800;1673;4399;5485;7487;5950;5492;5513;5386;2985;5931;4735;4451;4276;4673;4866;4678;4433;4215;4096;4579;2179;5221;5375;2413;5670;5003;4168;2918;3210;3990;4735;2903;5258;4720;4649;3849;4167;4487;5308;4901;5211;4996;4736;4345;4636;4683;5548;4415;4471;3606;4442;4497;5996;4638;3900;4698;4597;4922;4389;3749;1447;4328;4827;5054;4467;4570;5622;5432;5570;5393;5364;4456;4325;5171;6086;5887;7650;4982;3986;5422;3834;5038;4578;5088;4777;4427;5725;5559;5045;4735;4680;2706;4143;5648;4822;5253;1249;4112;4849;4284;3394;5012;4038;4592;3791;3357;3727;4845
ERR1308681.fastq;3923;5697;3794;4460;5483;3635;5434;4124;4049;4008;6098;4504;6159;4896;5212;3669;3866;5081;5641;6357;3501;4533;4341;4356;4854;4384;3101;3931;3981;4969;6400;6579;4173;4632;4170;4483;4560;3696;4424;3927;4091;4564;4576;4195;5642;4074;4522;4513;2350;4284;4622;4543;4891;4226;3853;5920;4947;4547;3967;3636;3995;4084;5050;4433;4958;4708;4611;4518;4095;4656;3578;5220;3901;5815;5987;4148;4823;3126;6369;4032;4146;4300;4031;4790;3058;5483;6304;5425;3746;4680;4827;3954;3888;4473;3711;3523;3950;3639;4582;5730;4300;4269;5974;4307;3885;5406;3482;3849;5620;3772;4307;3770;4129;3624;4414;4226;3949;4291;5457;3743;4703;3848;4403;4963;5429;5633;5146;3795;3876;5206;4369;3326;3983;2684;4335;4687;4293;5044;3865;6337;4578;2761;2459;4924;3583;4835;4881;3533;3935;4467;4987;4797;5299;4021;5715;3448;4640;5668;5985;4282;4027;4366;3970;3915;4524;3636;4854;4537;3800;3978;3968;4855;6638;5339;4793;5178;4934;3404;5748;4289;4310;4035;3632;4122;4074;4034;3764;3434;3997;3946;4889;4921;3762;5592;4684;3913;2918;3199;3931;3226;3963;4059;3966;4107;4332;3395;4007;4710;3725;4123;3982;3781;3759;4549;4586;4724;1199;4240;3514;3644;4176;5839;4175;3602;3388;4452;5261;4009;3477;3806;4636;2934;3728;4054;4213;5263;5463;5072;3979;4942;3583;3476;4843;5580;5843;6238;4446;3290;4082;3865;3909;4349;4795;4818;4450;5081;4904;1921;3758;3756;3908;2811;5064;4394;4912;4463;2617;4518;4442;3546;2880;3337;4232;3690;3756;3286;4370
ERR1308592.fastq;3250;4651;3342;3655;4490;2134;4764;3413;737;3003;5027;3997;3128;4404;4362;3090;1881;3570;4467;5298;2716;3551;3471;3414;3637;2603;2551;1830;3482;4162;5295;4652;2435;4333;2780;3358;3452;2242;3891;3620;3654;3963;3979;3614;4420;2419;3575;3863;2755;3136;4006;4020;4219;3867;3727;4723;4211;4077;3181;1545;3552;3663;4126;3402;3811;3553;3386;2742;3584;4171;1939;4721;3368;4668;4997;3296;3911;2923;4672;3220;3546;3845;3421;4057;745;4575;5069;4721;1721;3993;4244;3577;3522;3766;1393;1191;3451;3380;3869;4757;2315;3484;4538;3514;3262;4602;2941;3222;4457;2988;4684;2656;3116;3155;2445;2865;2687;3884;5084;2273;4135;3503;3839;4786;4372;4579;4078;3080;3320;4333;3853;1199;3227;3176;3897;3791;2857;4089;2866;5332;3399;1141;2223;4081;954;3791;3967;2715;2666;1478;3902;4186;4712;3158;4996;2606;4301;4709;4904;3576;3344;3458;3435;3472;3812;3550;3943;3858;2975;3405;3301;4164;4854;4080;2703;3899;3727;3017;4810;3283;3258;2771;2888;3425;3288;3002;973;1465;3295;3016;3782;4013;3354;3638;3811;3257;2958;3325;3433;1104;3411;3680;3352;3324;3658;3300;3641;4202;1226;2584;2637;2869;1643;4011;3604;4514;2124;3649;3109;1938;3608;4642;3414;3254;1923;3566;4320;3571;1866;3204;3563;3494;3033;2489;3511;4093;4318;4122;2071;4184;870;1693;3925;4708;4907;4400;3648;2967;2038;3020;2368;1990;3835;3701;3768;3945;4207;3521;795;1849;3214;3184;4361;3607;3942;3813;3284;3477;3774;2838;1532;1000;3458;1823;3321;2754;3582
ERR1309153.fastq;4094;6334;4601;5089;6224;3843;5816;4798;4383;4498;7023;5428;7022;5656;5937;4426;4176;6264;6807;7455;3745;5310;5133;4671;5084;4953;4116;3622;4516;5680;7357;7530;4654;5617;4723;4939;4756;4148;5169;4727;4773;5218;5130;4749;6636;4517;5176;5151;2951;4839;5375;5803;6377;5272;4649;6570;5602;5367;4737;4251;4648;4716;5665;5036;5471;5121;4882;5042;5032;5245;4098;6006;4463;6626;6580;4549;5442;3805;6966;4586;4749;5008;4515;5461;4113;6383;7296;6606;3598;5441;5770;4817;4596;5048;3749;3921;4231;3896;5360;6460;4624;4984;6751;4724;4859;6491;4169;4468;6631;3905;6247;3723;4406;4135;4781;4589;4413;5060;6707;4439;5451;4452;4977;6270;6238;6722;6232;4024;4374;5830;5105;4133;4974;4022;5887;5212;4777;5678;4264;7431;5175;3349;3871;5566;3571;5618;5917;4265;4308;4865;5832;6070;6408;4208;6768;3820;5564;6665;6787;4806;4532;4714;4575;4492;5055;5595;5180;5193;3888;4547;4260;5618;7722;5955;5291;5487;5376;3995;6644;4742;4389;4365;4335;4865;4690;4607;4475;3913;4720;3477;5089;5453;4514;6372;5213;4304;3488;3483;4331;4207;4739;4719;4732;4542;4898;4397;4761;5349;4290;4443;4412;4287;3512;5161;5294;5706;3854;4813;4888;4021;4746;6630;4701;4203;3718;5280;6003;4891;3468;4379;6399;5141;3962;4551;4805;5983;6363;6057;4505;5644;3940;4069;5376;6807;6495;6974;4936;4062;4483;4362;4409;4678;5613;6081;5131;5903;6334;5769;4105;4298;4501;4192;5776;5110;5518;5149;3889;4669;4964;4061;2674;3480;4707;4913;4222;3938;4948
ERR1309094.fastq;3360;5802;4101;5010;4832;4527;5429;4240;5137;6105;6459;4909;5860;5104;5627;3150;4850;5057;5716;6394;4821;5041;4825;4457;4324;5922;4995;4937;4138;5393;6058;6947;6511;5165;4686;4950;4455;5222;1359;4095;4440;5064;4964;4403;5592;5002;4519;4810;5605;5986;4508;4742;4704;4913;4536;5617;5349;5133;3566;4694;4347;4474;5342;4621;5249;4911;4959;4753;4407;5056;4826;5250;4914;5794;6081;4177;4942;4739;6159;4264;3930;4668;4083;5050;4870;5854;6508;5513;4857;5135;6030;4406;3588;4886;4807;4617;4060;3318;4842;5966;5927;4684;5914;3376;4180;5598;3031;3721;5568;3589;5855;5217;3300;4057;5119;5113;4969;4030;5473;4960;5258;4234;4845;4984;5729;5790;5423;3562;4771;5795;4001;4900;4625;3132;4670;4625;5509;5471;3766;6335;4855;4053;3947;5293;4304;4382;4503;3658;5123;5788;4380;5069;5597;3760;6343;4612;5132;6029;6170;4447;4360;4385;4078;3984;4839;5687;4989;4801;2280;3936;4102;5105;7476;5709;5285;5492;5408;3481;5988;4493;4256;4196;3092;4763;4397;4528;4345;4251;4247;3276;5133;4991;3921;5577;4839;3846;3411;3255;3712;4861;1847;3778;4459;4226;4452;3645;4155;5189;4390;5112;5053;5007;4607;4732;4413;5750;4640;4173;3756;4887;3792;5991;4213;3881;4434;4522;5442;4303;4544;2739;5832;1814;5373;5204;4610;5225;4952;3939;5221;5406;4711;5009;4945;5136;5965;7878;4678;3704;4806;3527;4983;4611;4672;4427;4433;5334;4942;4226;4641;4784;3765;3262;5475;4939;5063;4803;3746;4296;4587;2658;5055;4313;4394;3744;3528;3371;4542
ERR1309309.fastq;3509;6605;4727;5298;6327;5036;6095;4806;5603;5975;7160;5617;7731;5791;6246;3914;5319;6222;6735;7981;5047;5063;4722;3961;4724;6199;5616;5348;4796;5791;7028;7728;6225;5869;4605;5394;5034;5574;5197;4915;4921;5436;5515;4990;6737;5627;5155;4912;5467;5909;5684;6101;5891;5566;4839;6794;5807;5772;4543;5217;4725;4748;6026;5130;6010;5455;4993;5052;4826;5426;5047;6392;5395;6866;6936;4446;5616;4929;7542;4529;4427;5157;4376;5487;4926;6585;7467;6403;5138;5470;5561;4590;4523;4495;5147;5058;4826;4522;5466;6946;6007;5036;6883;4900;4140;6451;4002;4138;6423;3844;6444;5364;4939;4184;5300;5476;5465;5303;6833;5596;5496;4825;5387;5888;6675;6843;6456;4246;5048;5895;5025;5281;4246;3389;5156;5205;6010;6128;4127;7242;5025;4431;4697;5697;4829;5623;5948;4142;5643;6085;5998;6221;6151;4845;7074;4902;5659;6643;6910;5063;4748;3565;3919;4519;4860;4059;5416;5495;4061;3839;4486;5766;8392;6385;5575;5787;5704;3560;7089;5090;4669;4254;4212;5115;4819;4415;5136;4309;4568;4252;5419;5670;4392;6006;5633;4251;4818;4032;4331;5307;4838;4009;4888;4466;4765;4599;5079;5544;5171;5625;5506;5388;4870;5248;5504;4883;5006;4856;5017;5334;4893;6869;4786;2910;5091;5208;6028;3966;4295;3599;5988;4573;5578;5584;4884;6396;6479;5597;5619;5767;4521;5177;5333;6077;6916;8372;5175;3798;5320;4759;5417;5083;5812;6175;5080;6119;6197;5780;5297;5311;4512;4132;6082;5247;5697;5279;4013;5134;5092;3521;5367;4615;4833;5173;4258;3525;5167
ERR1308750.fastq;4088;6264;4016;3406;4905;4516;5579;4935;6560;6333;6735;4831;4359;5250;5043;3790;5254;4568;5442;6718;4952;4117;3521;3684;4669;6357;5767;5773;4900;5510;5257;6799;6155;5583;5300;5066;4908;5837;3510;5183;4816;4542;5432;4888;4560;5383;4898;4691;5809;6125;4829;4926;4569;4836;4333;6033;5561;5796;4048;6377;4522;3822;5516;3566;5292;4907;4879;4151;5960;5010;5372;5548;5244;5820;7000;3562;4378;5356;6697;3459;4077;3668;4865;5237;5258;6332;6749;5807;6504;5229;5425;4465;5388;5547;5517;5038;4421;4099;5310;6026;5597;4056;6392;4278;3718;5144;3527;4279;5211;3887;5883;5360;4606;4410;6153;5475;5341;4820;6162;5250;5046;4604;5260;5881;5784;6327;4491;2686;4978;3789;5406;7108;4498;2681;3833;3993;5570;5369;4450;6706;4653;5524;5466;5475;5212;4726;5186;4074;7388;6740;4765;5036;6011;4279;6125;4474;5598;5307;6631;4675;5197;4214;4568;5041;4271;4849;5235;4504;4464;4397;4680;5284;5981;5526;4939;5382;4948;4347;6120;4749;4528;4219;2865;4567;4270;3845;5015;4572;4190;4383;5099;5418;3800;5947;5132;4490;4481;3632;4158;5155;3993;5830;4128;3853;4904;3584;4526;4965;6511;5880;6184;5209;4478;4446;4620;5035;4964;3704;3640;5923;4727;5847;4558;3431;5168;4941;4985;4073;4471;3914;5996;4227;5724;6207;4679;5496;5787;4666;5405;5531;4723;5053;5245;3259;6397;8450;4961;4313;6878;4410;5835;3910;4413;4150;4755;5111;5091;3695;5250;5291;3096;4308;5242;4712;4682;5192;5293;5661;4945;3412;4534;4695;4726;4666;4332;3694;4485
ERR1309262.fastq;3642;5347;3647;4343;4497;3716;5350;2975;3938;4251;5960;4436;5827;4518;5107;3718;4296;5127;5387;6175;3692;5080;4601;4417;4529;4551;4163;4545;3965;4841;6360;6396;4628;4834;3877;4554;4410;4343;4892;3792;4328;4428;4450;4198;5412;4400;4381;3348;4435;4634;4690;4870;4872;4107;4089;5380;4826;4631;3825;4061;4040;4287;4857;4432;4968;4678;4475;4529;4146;4571;3946;5042;4338;4981;5927;3732;4435;3964;5838;3244;3739;4329;3708;4449;3754;5387;6066;4864;4944;4676;5062;3845;1598;3707;3635;3809;3752;3783;4363;5527;4525;4294;5651;3713;4325;5298;2467;3519;4801;3817;5294;4304;4109;3225;4275;4390;4067;4242;5355;4239;4709;4151;4522;4996;5324;5478;5014;2631;3820;4820;4850;3785;4220;2366;4859;4046;4576;5031;3541;5780;4004;3731;3445;4721;3441;4847;4577;3494;4602;3701;4689;4375;5551;3870;5645;3440;4641;5451;5569;4154;3868;3758;2399;3815;2860;4927;4553;4000;3456;3981;3814;4864;7503;5494;4660;5101;4773;3343;5274;4271;4133;4161;2929;4442;4228;4014;3869;3493;4003;3055;4264;4628;2591;5156;4413;3511;3587;3626;3743;3964;3754;3813;4225;4155;4556;3782;4153;4564;4359;4339;4224;4003;3741;2760;4158;4994;3977;3421;4168;3775;3940;5399;3978;3047;4047;4445;4854;3815;3666;3209;4286;4181;4213;3858;3920;5117;5116;4976;4504;4738;4244;3902;4542;5482;5505;6454;4366;3331;4198;3856;4104;4282;4615;4736;4061;5041;4936;4971;4121;3673;3326;3533;4908;4222;4267;4608;4790;4275;4666;3031;3698;3414;4125;4236;3617;3370;4211
