accession;AATGGx3;AATGGx2;AATGGx5;GGAATx4;GGAATx2;ATGGAx2;TCCATx2;ATTCCx5;ATTCCx4;TGGAAx3;TGGAAx2;ATTCCx2;ATTCCx3;CATTCx4;CATTCx2;CATTCx3;GAATGx2;GAATGx5;GAATGx4;TTCCAx2;TTCCAx3;TTCCAx4
SRR7171680.fastq;210;647;139;222;198;136;238;117;183;378;410;502;221;100;163;101;418;187;275;317;197;130
SRR7171678.fastq;452;559;68;109;223;281;192;89;71;341;597;244;172;58;78;31;354;71;442;148;166;122
SRR7171682.fastq;184;297;131;62;69;195;151;56;68;110;175;184;107;26;80;60;376;57;168;197;113;118
SRR7171675.fastq;57;101;37;48;37;242;90;58;150;151;183;182;132;99;229;103;123;49;83;155;50;57
ERR1602651.fastq;22834;54554;8757;14498;37770;24787;32949;8355;15288;19033;36078;46907;21634;10856;27759;13253;43611;7735;15502;28793;13004;8753
SRR7171668.fastq;356;780;190;185;287;218;497;199;327;540;795;769;444;255;425;244;566;170;281;770;419;330
ERR251402.fastq;62761;141279;26759;49262;90546;81035;108035;38975;69001;60291;101475;159244;83671;44972;86649;47983;109753;23532;46808;85766;47505;39214
ERR1602656.fastq;25600;59494;9968;17116;40947;26764;34404;10167;17888;22866;40410;52059;25777;12833;28369;14937;45279;9225;18765;31121;15402;10762
SRR7171662.fastq;253;929;144;181;290;243;284;214;358;311;485;705;388;154;290;177;673;106;460;454;272;244
ERR1602666.fastq;18083;39206;6709;11421;26172;19165;22691;6841;12351;16631;29361;33119;17189;8897;21392;11278;32207;6280;12190;20600;10000;7378
ERR251347.fastq;58991;127558;25845;48644;87549;70777;92135;36594;64540;54437;90880;143583;79432;43973;74999;45962;87613;23037;46199;76126;44478;37321
SRR7171677.fastq;391;791;157;194;256;154;399;204;312;397;627;744;414;218;360;220;447;148;249;696;417;321
ERR251343.fastq;42456;89139;17579;33273;63704;50739;64668;26256;45908;43368;72420;106327;59879;30785;57862;35289;68127;16537;32325;58943;34150;27173
ERR251379.fastq;65650;143423;29469;55945;103061;77905;102448;41281;72084;59730;101139;160444;89654;50891;83840;51681;91376;26252;53452;89277;51450;42047
SRR7171666.fastq;228;802;92;99;164;117;72;64;44;268;491;212;142;103;202;91;197;98;154;203;55;47
ERR251346.fastq;43631;98097;18236;34700;64289;55949;73838;26561;48293;40313;68204;109731;58789;31428;58789;32771;74989;17070;33991;58755;32956;27362
ERR251327.fastq;37736;79355;15983;30075;58445;44941;58376;23204;40959;37596;63185;92554;51753;27620;50010;29700;55620;14858;29008;51529;29829;23758
ERR251377.fastq;48147;112037;20837;38777;76599;64228;92306;29474;52938;48007;83806;126497;65456;36215;76404;39611;90489;19357;38221;73009;38254;30256
ERR1602661.fastq;26417;62505;9600;16643;44412;28202;38321;9474;16867;21468;40195;53501;24920;12641;32467;15152;50950;9080;18637;32321;14669;9426
SRR7171663.fastq;170;444;79;190;224;177;120;95;112;276;523;300;169;463;152;86;408;142;138;287;231;97
ERR1602667.fastq;20637;48808;7375;12757;34413;22573;31893;7397;13419;19177;35406;43755;20589;9816;26971;12611;42395;6949;14673;26901;11935;7874
SRR7171667.fastq;325;749;179;185;267;152;402;172;301;380;641;651;344;231;415;251;445;116;247;636;371;310
ERR251380.fastq;65556;142774;29125;55405;102636;77756;101666;41153;70695;60319;101066;158893;89667;50872;83095;51293;91221;26160;54000;88889;51154;42035
SRR7171683.fastq;124;331;77;69;113;365;180;84;98;332;394;254;117;128;128;76;230;64;118;204;137;91
ERR1602658.fastq;24292;59473;9183;15499;40539;27082;37781;8811;16277;20469;38070;51216;23065;11524;29693;13650;48790;8047;16667;29577;13055;8885
ERR1602660.fastq;21548;52943;7603;13082;38159;24074;36072;7457;14012;18500;36749;48212;20471;10764;30716;13711;48011;7539;15052;30115;12289;8045
SRR7171665.fastq;216;658;207;219;356;241;282;150;306;522;495;834;339;182;221;183;362;107;294;542;253;343
ERR1602650.fastq;26626;62278;10101;16985;43882;28280;38011;9864;17327;22917;42481;54521;25462;12543;31859;15357;49377;9018;18590;33647;15282;10595
ERR251403.fastq;66636;146817;29591;53849;102799;81263;105461;41561;71890;63171;105900;163835;90960;49975;86364;52445;96508;26505;52277;92103;52528;42534
ERR251325.fastq;74847;162829;32572;60697;116357;89420;121018;47084;81927;68972;117628;185885;102678;55370;98932;58020;112044;29353;58257;103127;57810;46481
ERR1602664.fastq;25981;61821;9840;16606;41503;28264;37697;9323;17183;22396;40970;51778;23867;12726;32063;15542;50971;8729;17790;32413;14928;10097
ERR1602649.fastq;26894;64929;10267;17585;45736;28715;39941;9855;17839;22958;42333;56047;25646;13444;34381;16181;52430;9693;19965;33445;15090;10195
SRR7171664.fastq;446;1009;250;211;398;334;483;262;416;392;581;911;492;289;430;256;669;198;375;672;365;344
ERR1602663.fastq;22623;53355;8471;14261;36967;24338;33296;8308;14732;19150;35755;46515;21341;10644;26920;13019;44090;7368;15379;28016;12646;8449
ERR251342.fastq;50952;111664;22570;40914;75442;63965;80991;31590;56287;46804;80159;126366;70035;37329;67274;39624;81950;19967;39574;69004;39157;32378
SRR7171674.fastq;334;839;165;206;312;171;404;234;339;428;616;782;396;224;330;255;426;150;253;736;398;320
ERR1602653.fastq;15937;34340;6216;10754;23475;16675;20449;6418;11489;14925;25375;30075;16166;7760;17085;9678;27115;5793;10860;17739;9234;6746
ERR251401.fastq;63757;143941;27339;50352;93091;83496;111424;39712;70075;62109;104920;161630;85685;46311;89548;49137;110681;23938;48078;88814;48934;40735
SRR7171676.fastq;4394;9714;2292;2396;3541;3221;5765;2823;4526;4782;7438;10655;5812;2434;4378;2594;6873;1850;3582;7501;4113;3435
ERR251404.fastq;67453;148521;30337;54990;103778;81330;106775;42017;73163;64249;108650;166121;91310;50558;88061;52866;97769;26533;53337;93056;53416;43303
ERR251326.fastq;74939;164962;32635;60941;116698;90249;119814;46492;81286;68748;117670;185884;101822;54961;98535;57578;112856;29505;59162;101643;57675;45986
SRR7171672.fastq;313;247;70;108;212;66;60;56;58;77;66;275;158;99;129;86;76;55;115;169;91;296
ERR251348.fastq;59429;130593;26889;49447;89111;72175;92588;38213;65807;55879;92788;146453;81383;44520;76518;46691;88565;23820;46988;77646;45444;37611
ERR251378.fastq;48456;112657;20864;38369;76335;64180;91068;29316;52392;47899;84355;126168;65580;36206;75652;39261;90263;19732;38184;72985;38270;30676
ERR251328.fastq;38289;81392;16297;31128;59969;45882;60189;23979;41784;38391;64431;95486;53783;28368;51747;30786;56273;15022;29780;53642;31346;24632
SRR7171661.fastq;772;1319;282;285;426;403;573;276;487;484;798;860;553;337;456;207;926;223;522;778;495;337
SRR7171669.fastq;311;650;137;148;235;142;351;150;262;335;541;568;297;198;311;212;411;115;205;609;371;243
ERR1602654.fastq;18181;39896;6787;11665;26327;19310;22857;6952;12700;16800;29573;33727;17672;9266;21621;11790;31880;6311;12356;20155;10230;7360
ERR1602668.fastq;25975;59375;9925;17003;40893;26635;34146;9761;17529;22541;39869;51400;25173;12584;28661;14831;44648;8933;18390;31258;15379;10464
ERR251344.fastq;42226;88986;17557;33631;63635;50293;64604;26164;46504;43402;73257;105803;60299;30668;58271;35246;68108;16669;32707;59785;33902;26913
ERR251329.fastq;51169;113753;23062;40337;80028;62850;82839;31837;55434;47909;83387;129373;70430;36855;67951;39432;78212;20274;39355;71610;39856;31548
ERR1602657.fastq;31852;75479;11932;20072;53835;34668;48121;11610;21058;27104;50849;67791;30920;14737;38827;18209;62047;10533;21875;38752;17448;11751
ERR1602652.fastq;26018;61941;9886;16704;40900;28987;38019;9312;17056;22332;41166;51718;24107;13181;32872;16021;50106;8856;17964;32370;14558;9981
SRR7171671.fastq;74;441;218;59;77;82;267;166;101;50;75;323;204;26;44;35;214;43;88;117;61;56
ERR1602655.fastq;21075;49558;7781;12939;35212;22522;32357;7712;13864;19278;36260;44227;20885;10371;27651;13214;43246;7163;14692;27232;12046;8172
SRR7171673.fastq;358;738;160;201;279;167;394;204;275;405;617;689;353;206;292;223;463;133;271;595;409;285
ERR251345.fastq;45186;101745;19206;35373;65709;57238;75282;28224;49111;41905;70663;112510;59949;31984;59815;33648;75048;17384;34056;60289;34214;28251
SRR7171679.fastq;117;430;92;327;342;415;178;113;466;158;278;348;225;80;288;74;331;118;174;179;177;92
SRR7171670.fastq;264;646;141;156;230;177;365;166;290;376;535;651;321;174;335;196;418;104;255;648;341;266
ERR1602662.fastq;26521;61770;10090;16933;44512;28657;38480;9949;17800;22735;42145;55039;25528;12590;32041;15028;49240;8818;18371;34242;15788;10687
ERR1602665.fastq;16033;34562;6112;10310;23058;16791;19517;6414;11337;15225;25973;29871;16272;7325;16904;9510;27496;5554;10716;17772;9151;6675
ERR1602659.fastq;24882;53868;9669;17155;37333;24809;28686;9625;17112;21873;36745;44710;23674;12332;25605;14721;40280;8650;17173;25167;13035;9607
