accession;TCCATx6;CATTCx7;CATTCx6;CATTCx8;CATTCx9;ATTCCx11;ATGGAx7;ATGGAx6;TGGAAx7;TGGAAx6;ATTCCx6;ATTCCx7;ATTCCx8;ATTCCx9;TGGAAx9;TGGAAx8;CCATTx7;GGAATx10;CATTCx10;ATTCCx10;AATGGx9;AATGGx8;AATGGx7;AATGGx6;GGAATx7;GGAATx6;GGAATx9;GGAATx8;GAATGx10;TCCATx7;TCCATx8;AATGGx10;ATGGAx9;ATGGAx8;GAATGx7;GAATGx6;GAATGx9;GAATGx8;TTCCAx6;TTCCAx7;TTCCAx8;TTCCAx9
SRR7171680.fastq;614;654;627;698;721;798;639;599;681;647;653;679;730;754;733;703;589;774;725;768;742;707;685;657;671;644;709;702;747;655;680;753;695;681;670;656;717;701;634;672;699;711
SRR7171678.fastq;547;582;515;592;601;671;574;548;615;535;552;585;628;652;636;593;525;692;453;670;648;629;610;542;598;540;683;597;590;548;603;603;588;584;614;560;646;578;516;567;585;334
SRR7171682.fastq;706;753;677;798;853;991;716;649;757;723;703;781;840;907;916;821;678;886;912;962;886;825;772;701;743;694;876;832;988;728;785;993;908;850;738;714;904;826;724;742;811;890
SRR7171675.fastq;1093;1228;1166;1370;1484;1803;1260;1059;1232;1076;1117;1267;1442;1517;1543;1325;1269;1656;1456;1679;1502;1386;1282;1115;1223;1111;1547;1353;1603;1278;1367;1490;1511;1348;1239;1113;1490;1383;1107;1236;1350;1488
ERR1602651.fastq;30698;30919;30707;31137;31349;31789;30914;30697;30928;30714;30722;30937;31156;31373;31363;31148;30906;31577;31559;31582;31368;31158;30935;30721;30933;30716;31366;31150;31568;30912;31131;31578;31344;31132;30930;30717;31359;31147;30703;30917;31134;31348
SRR7171668.fastq;2489;2676;2499;2847;3006;3372;2646;2467;2691;2517;2514;2690;2872;3042;3033;2862;2614;3177;3159;3209;3032;2861;2682;2506;2666;2491;3019;2838;3158;2659;2846;3199;2973;2814;2674;2503;3008;2853;2510;2680;2855;3018
ERR251402.fastq;43329;44523;43339;45712;46895;49280;44511;43325;44527;43341;43355;44542;45734;46923;46899;45715;44510;48088;48079;48100;46903;45723;44530;43342;44531;43345;46907;45721;48081;44515;45704;48087;46890;45702;44524;43338;46896;45713;43333;44522;45708;46894
ERR1602656.fastq;31730;31963;31738;32193;32421;32886;31956;31728;31974;31747;31754;31983;32214;32444;32434;32205;31949;32659;32642;32667;32439;32213;31981;31753;31979;31748;32437;32209;32652;31960;32188;32660;32413;32189;31976;31750;32427;32204;31735;31962;32191;32420
SRR7171662.fastq;638;681;676;716;748;802;658;631;700;681;697;705;744;766;746;732;594;753;754;784;759;731;709;677;690;667;756;735;734;670;703;775;739;714;688;669;733;733;660;689;717;737
ERR1602666.fastq;30608;30763;30620;30907;31046;31341;30750;30610;30770;30630;30634;30778;30925;31068;31059;30919;30745;31201;31187;31204;31060;30923;30775;30632;30774;30629;31062;30918;31194;30752;30899;31199;31040;30900;30769;30628;31054;30916;30616;30758;30906;31043
ERR251347.fastq;43163;44352;43173;45536;46715;49091;44340;43160;44355;43175;43189;44372;45559;46743;46719;45539;44339;47904;47896;47916;46723;45548;44359;43176;44362;43179;46728;45547;47897;44344;45529;47903;46710;45527;44353;43172;46716;45538;43167;44349;45533;46714
SRR7171677.fastq;2331;2526;2345;2705;2880;3215;2500;2319;2543;2365;2369;2546;2724;2907;2887;2720;2465;3053;3040;3073;2883;2718;2529;2355;2522;2342;2882;2704;3007;2523;2693;3058;2839;2666;2524;2347;2875;2692;2359;2538;2716;2884
ERR251379.fastq;41533;43201;41542;44865;46524;49858;43187;41528;43203;41543;41558;43221;44889;46553;46528;44868;43189;48193;48184;48205;46533;44877;43208;41546;43210;41548;46538;44876;48186;43193;44859;48192;46519;44856;43202;41544;46525;44866;41536;43198;44861;46523
SRR7171666.fastq;1215;1400;1299;1600;1761;1909;1392;1263;1464;1280;1286;1417;1631;1806;1653;1604;1366;1905;1857;1899;1738;1584;1475;1245;1438;1310;1710;1556;1813;1378;1504;1873;1686;1544;1461;1275;1711;1547;1267;1440;1576;1696
ERR251346.fastq;36594;37792;36602;38987;40176;42573;37780;36590;37794;36604;36619;37811;39010;40205;40180;38990;37779;41376;41368;41389;40184;38999;37799;36606;37800;36608;40189;38998;41369;37783;38980;41375;40171;38978;37793;36603;40177;38989;36597;37790;38984;40175
ERR251404.fastq;41865;43247;41873;44625;46000;48765;43235;41861;43249;41876;41890;43267;44648;46028;46004;44629;43234;47383;47374;47393;46009;44638;43257;41878;43255;41880;46014;44637;47376;43240;44619;47382;45995;44617;43248;41874;46001;44627;41868;43244;44624;45999
ERR251327.fastq;37296;38081;37307;38862;39635;41201;38068;37292;38085;37309;37322;38100;38884;39664;39639;38866;38069;40419;40405;40430;39645;38872;38088;37308;38090;37312;39647;38870;40408;38073;38853;40417;39630;38851;38082;37305;39636;38861;37300;38078;38856;39634
ERR251377.fastq;40213;41396;40220;42575;43748;46110;41381;40206;41398;40223;40237;41414;42597;43776;43752;42579;41382;44932;44921;44943;43756;42586;41403;40224;41402;40226;43759;42583;44923;41388;42569;44930;43742;42565;41395;40221;43749;42576;40215;41394;42572;43747
ERR1602661.fastq;32962;33178;32969;33393;33600;34030;33170;32960;33187;32976;32985;33197;33412;33623;33611;33401;33165;33824;33807;33828;33619;33411;33194;32984;33193;32980;33617;33405;33818;33174;33388;33825;33593;33386;33190;32981;33612;33404;32966;33176;33389;33595
SRR7171663.fastq;1131;1302;1151;1463;1496;1671;1240;1173;1305;1193;1182;1290;1461;1614;1565;1446;1203;1439;1690;1692;1560;1407;1322;1144;1316;1170;1548;1404;1652;1267;1385;1666;1469;1210;1314;1150;1576;1414;1124;1262;1470;1534
ERR1602667.fastq;30715;30900;30725;31079;31252;31615;30892;30714;30914;30731;30739;30917;31099;31276;31268;31091;30885;31440;31420;31446;31271;31096;30915;30736;30911;30734;31270;31092;31432;30895;31077;31442;31244;31072;30909;30733;31261;31089;30720;30897;31076;31248
ERR1602655.fastq;31581;31771;31588;31955;32134;32508;31760;31577;31782;31600;31604;31787;31976;32156;32151;31968;31755;32328;32313;32334;32154;31973;31786;31601;31783;31597;32152;31967;32320;31766;31953;32331;32128;31949;31779;31598;32146;31966;31585;31764;31950;32131
ERR251380.fastq;41302;42956;41311;44606;46250;49557;42943;41297;42958;41313;41327;42976;44629;46279;46254;44608;42944;47904;47896;47917;46259;44617;42963;41315;42965;41317;46264;44616;47897;42949;44598;47905;46245;44595;42957;41312;46251;44604;41305;42953;44601;46249
SRR7171683.fastq;590;665;613;694;724;844;653;623;682;621;625;683;734;745;769;690;445;751;791;793;765;740;674;639;671;600;747;730;745;625;703;796;731;712;666;609;726;718;614;658;716;753
ERR1602658.fastq;30130;30366;30137;30604;30835;31307;30359;30127;30376;30143;30152;30386;30623;30859;30845;30612;30355;31078;31061;31083;30852;30622;30383;30150;30382;30148;30851;30615;31070;30363;30600;31079;30827;30596;30378;30145;30844;30613;30132;30365;30598;30830
ERR1602660.fastq;30643;30842;30647;31040;31231;31627;30834;30639;30853;30658;30664;30860;31059;31256;31245;31053;30826;31437;31416;31442;31252;31058;30858;30662;30852;30657;31249;31050;31427;30840;31037;31441;31222;31031;30856;30659;31243;31049;30646;30838;31036;31227
SRR7171665.fastq;1534;1716;1563;1883;2058;2384;1698;1542;1734;1560;1576;1760;1945;2084;2053;1886;1675;2222;2179;2239;2054;1913;1742;1577;1723;1547;2050;1873;2213;1706;1872;2221;2020;1889;1728;1558;2074;1891;1554;1737;1885;2037
ERR1602650.fastq;35189;35399;35196;35603;35806;36220;35393;35188;35410;35207;35213;35417;35626;35830;35819;35616;35386;36021;36004;36027;35825;35624;35416;35212;35413;35208;35823;35618;36011;35396;35600;36022;35798;35599;35411;35206;35817;35615;35195;35397;35601;35804
ERR251403.fastq;40039;41143;40047;42242;43338;45546;41130;40035;41145;40050;40064;41162;42265;43367;43342;42246;41131;44443;44435;44454;43348;42255;41150;40053;41152;40054;43350;42254;44434;41137;42236;44442;43333;42234;41144;40048;43339;42245;40042;41140;42239;43337
ERR251325.fastq;45540;46504;45549;47462;48417;50341;46492;45537;46507;45552;45566;46523;47485;48443;48420;47465;46491;49380;49370;49392;48424;47474;46511;45553;46514;45556;48427;47473;49372;46499;47455;49379;48411;47452;46505;45550;48416;47463;45544;46501;47459;48415
ERR1602664.fastq;30790;31034;30801;31276;31510;31994;31027;30789;31043;30806;30814;31053;31295;31531;31519;31286;31019;31758;31745;31763;31525;31291;31049;30813;31045;30809;31526;31287;31750;31030;31268;31760;31504;31269;31046;30808;31518;31284;30796;31031;31271;31505
ERR1602649.fastq;34761;34981;34771;35200;35410;35849;34975;34759;34991;34775;34784;35000;35218;35434;35422;35208;34969;35638;35621;35644;35430;35217;34998;34782;34996;34779;35428;35213;35629;34977;35195;35639;35403;35192;34992;34780;35421;35211;34764;34979;35194;35408
SRR7171664.fastq;2032;2174;2057;2290;2401;2652;2150;2019;2175;2062;2076;2195;2324;2433;2406;2304;2122;2513;2497;2537;2421;2310;2192;2072;2168;2042;2409;2298;2488;2151;2283;2519;2378;2270;2182;2060;2403;2299;2054;2170;2289;2412
ERR1602663.fastq;29958;30172;29966;30380;30587;31007;30165;29957;30181;29974;29982;30189;30400;30609;30599;30391;30157;30803;30784;30810;30603;30402;30187;29980;30185;29978;30602;30394;30794;30168;30376;30805;30580;30375;30183;29976;30594;30392;29963;30169;30377;30583
ERR251342.fastq;39764;40955;39773;42141;43322;45702;40943;39761;40958;39775;39790;40975;42164;43351;43326;42145;40942;44513;44505;44524;43330;42153;40962;39777;40964;39780;43333;42152;44506;40949;42134;44512;43317;42132;40956;39774;43323;42143;39768;40953;42139;43321
SRR7171674.fastq;2386;2582;2394;2770;2938;3305;2549;2356;2594;2407;2416;2605;2782;2968;2955;2776;2538;3113;3114;3135;2952;2773;2599;2410;2579;2399;2951;2766;3106;2560;2751;3126;2907;2703;2587;2402;2945;2758;2409;2596;2774;2954
ERR1602653.fastq;29036;29186;29046;29331;29471;29766;29180;29037;29196;29056;29061;29205;29352;29496;29485;29343;29171;29626;29611;29632;29487;29347;29201;29058;29199;29059;29488;29344;29616;29181;29326;29624;29466;29325;29198;29053;29478;29341;29043;29183;29328;29470
ERR251401.fastq;43566;44759;43574;45950;47133;49521;44747;43563;44761;43576;43590;44778;45971;47160;47137;45952;44746;48328;48320;48340;47141;45961;44765;43578;44768;43580;47145;45959;48319;44751;45942;48327;47128;45940;44758;43573;47134;45951;43569;44756;45946;47132
SRR7171676.fastq;8054;8192;8062;8326;8459;8734;8176;8044;8205;8073;8083;8217;8356;8493;8465;8337;8160;8590;8579;8615;8471;8340;8209;8074;8190;8060;8460;8329;8583;8182;8316;8595;8449;8315;8198;8066;8461;8332;8070;8201;8328;8462
ERR1602657.fastq;37254;37472;37258;37692;37908;38351;37469;37249;37483;37265;37274;37492;37712;37932;37920;37703;37459;38137;38118;38143;37927;37713;37490;37272;37488;37269;37926;37707;38128;37471;37689;38139;37901;37687;37485;37268;37918;37702;37252;37470;37688;37904
ERR251326.fastq;45642;46614;45650;47581;48545;50487;46602;45638;46616;45653;45667;46633;47604;48571;48549;47586;46601;49517;49507;49528;48555;47594;46624;45655;46622;45657;48558;47593;49509;46607;47575;49516;48540;47573;46615;45651;48546;47584;45645;46610;47578;48544
SRR7171672.fastq;919;1019;947;1132;1245;1435;1026;899;1028;956;939;1069;1185;1266;1253;1117;964;1305;1336;1357;1244;1164;1052;926;1097;921;1258;1124;1388;990;1112;1394;1204;986;1036;954;1216;1146;979;1088;1135;1215
ERR251348.fastq;42619;43794;42629;44963;46130;48478;43781;42616;43797;42631;42645;43814;44987;46158;46134;44967;43782;47305;47297;47317;46138;44976;43801;42632;43802;42635;46143;44975;47298;43787;44957;47304;46125;44955;43795;42628;46131;44966;42623;43791;44961;46129
ERR251378.fastq;39819;41000;39828;42176;43348;45706;40987;39814;41004;39830;39844;41019;42199;43376;43352;42182;40986;44529;44518;44541;43356;42188;41008;39831;41007;39833;43359;42185;44520;40995;42171;44528;43342;42166;41001;39827;43349;42177;39822;40996;42173;43347
ERR251328.fastq;38141;38920;38150;39692;40461;42013;38907;38136;38924;38153;38167;38938;39716;40489;40464;39698;38906;41238;41226;41250;40468;39703;38928;38154;38927;38157;40471;39702;41227;38914;39685;41237;40455;39683;38919;38152;40460;39693;38145;38917;39689;40459
SRR7171661.fastq;841;873;866;894;931;984;876;830;901;852;859;903;930;966;948;906;866;946;907;994;939;941;899;877;884;845;946;899;916;861;890;953;892;886;881;880;927;902;855;877;901;923
SRR7171669.fastq;2371;2571;2375;2761;2969;3335;2519;2344;2588;2392;2397;2591;2790;2994;2977;2785;2476;3149;3119;3182;2976;2788;2592;2390;2566;2377;2955;2750;3131;2560;2781;3151;2920;2736;2575;2376;2960;2768;2391;2589;2787;2959
ERR1602654.fastq;31485;31646;31499;31796;31943;32249;31637;31487;31654;31507;31512;31663;31813;31965;31955;31809;31627;32103;32089;32111;31956;31812;31660;31510;31658;31509;31959;31808;32095;31635;31789;32099;31935;31788;31653;31506;31948;31805;31491;31642;31793;31940
ERR1602668.fastq;31235;31463;31244;31687;31909;32360;31454;31234;31473;31252;31259;31482;31709;31932;31922;31699;31449;32143;32128;32152;31926;31708;31480;31257;31476;31256;31924;31702;32132;31458;31683;32141;31903;31682;31474;31253;31915;31698;31241;31461;31686;31906
ERR251344.fastq;38758;39730;38768;40699;41659;43599;39717;38755;39736;38771;38785;39750;40722;41687;41666;40705;39718;42631;42623;42642;41667;40709;39739;38772;39737;38775;41671;40708;42624;39722;40690;42630;41653;40689;39733;38770;41661;40700;38764;39728;40697;41658
ERR251329.fastq;40798;41896;40806;42988;44077;46269;41882;40794;41898;40808;40823;41915;43012;44106;44081;42994;41884;45174;45165;45187;44087;43001;41905;40810;41903;40812;44089;43000;45167;41890;42983;45175;44071;42979;41897;40807;44078;42991;40801;41892;42985;44076
ERR251343.fastq;39159;40149;39169;41135;42113;44090;40138;39155;40153;39173;39186;40168;41158;42141;42119;41140;40135;43103;43095;43114;42120;41146;40155;39172;40156;39176;42125;41144;43096;40141;41126;43101;42108;41125;40151;39171;42114;41136;39166;40147;41132;42112
ERR1602652.fastq;31496;31747;31507;31992;32234;32729;31739;31494;31755;31513;31520;31764;32012;32255;32246;32003;31732;32488;32474;32492;32250;32009;31762;31519;31758;31515;32249;32005;32481;31742;31985;32487;32225;31986;31756;31514;32242;32001;31502;31743;31988;32230
SRR7171671.fastq;1009;1164;1012;1234;1407;1680;1142;1026;1165;1034;1060;1174;1316;1427;1464;1305;1110;1552;1332;1532;1426;1307;1186;1039;1137;1062;1436;1259;1486;1145;1245;1553;1273;1256;1215;1094;1442;1260;1067;1191;1258;1378
SRR7171667.fastq;2487;2664;2483;2834;2969;3301;2621;2451;2679;2507;2504;2687;2858;3032;3005;2847;2607;3151;3133;3174;3018;2850;2671;2495;2654;2491;2994;2831;3132;2640;2824;3161;2957;2793;2660;2488;2990;2833;2505;2678;2846;3006
SRR7171673.fastq;2177;2367;2198;2542;2711;3064;2339;2169;2388;2210;2208;2387;2566;2742;2728;2552;2309;2866;2882;2913;2717;2556;2380;2206;2366;2194;2716;2548;2853;2356;2529;2889;2677;2510;2378;2189;2710;2553;2209;2375;2554;2714
ERR251345.fastq;36518;37704;36527;38883;40061;42432;37692;36515;37707;36529;36544;37723;38907;40090;40065;38889;37691;41248;41239;41261;40070;38897;37711;36532;37712;36533;40075;38896;41241;37697;38878;41247;40056;38876;37705;36528;40062;38886;36522;37700;38881;40060
SRR7171679.fastq;571;615;631;651;679;789;632;648;634;627;605;660;707;714;710;668;588;720;685;800;713;666;636;604;654;599;744;701;707;614;697;764;667;705;642;588;663;689;600;628;675;706
SRR7171670.fastq;2344;2564;2355;2791;2996;3405;2526;2318;2586;2371;2372;2589;2811;3028;3004;2799;2531;3179;3200;3226;3003;2794;2582;2364;2563;2348;2999;2789;3183;2569;2776;3210;2942;2756;2566;2361;2987;2782;2368;2584;2797;2997
ERR1602662.fastq;34555;34755;34563;34957;35149;35551;34750;34553;34767;34570;34578;34775;34975;35173;35161;34967;34743;35358;35338;35364;35167;34976;34773;34577;34772;34573;35168;34969;35347;34754;34951;35360;35142;34950;34768;34572;35157;34965;34559;34756;34954;35146
ERR1602665.fastq;28261;28409;28270;28553;28688;28979;28405;28263;28421;28283;28287;28429;28573;28712;28703;28565;28396;28840;28828;28845;28705;28571;28427;28285;28423;28284;28708;28566;28833;28403;28546;28839;28685;28547;28420;28281;28698;28563;28269;28407;28551;28686
ERR1602659.fastq;32208;32403;32219;32598;32782;33170;32397;32209;32413;32225;32233;32423;32615;32806;32793;32605;32389;32982;32969;32985;32797;32613;32421;32232;32420;32231;32799;32610;32975;32396;32589;32980;32777;32590;32414;32229;32790;32606;32213;32401;32592;32779
