accession;AAAATAAAATGAx3;TACTACTTTTAACAGx2;CACCACACCCACAx3;CACACCACACCCACAx2;TTTTTCATTTTAx3;CACACACCACACCCAx2;GATGATGATGACGATx2;CACACCCACACACCACACCx2;TCATCATCGTCATCAx2;CACACACACCACACCx2;CCACACCCACACACCACACx2;TATTATATTGATATTAAx2;CGAAGAAGACGTTCCx2;CACACCACACCCACACCx2;CACACCACACCx2;CACACCACACCx3;CCACACCCACACACAx2
ERR1309521.fastq;35625;37261;33284;35607;35221;36664;36996;37454;37104;33417;39196;46025;36349;37598;32494;33362;34512
ERR1308705.fastq;7227;7929;7403;7985;7262;8319;7785;8236;7765;7366;8232;10007;7465;7967;7222;7405;7100
ERR1308931.fastq;6608;6977;6944;7278;6682;7659;7254;7723;6864;6947;8121;9129;7048;7314;6748;6551;6882
ERR1308868.fastq;15949;17032;14103;17080;16236;17941;16768;16715;15490;16601;16287;21015;16389;16514;15778;16824;16611
ERR1308911.fastq;6002;6125;5526;6423;5915;6453;6368;6385;6196;5993;6706;8295;5906;6777;5594;5772;5563
ERR1309434.fastq;6358;6889;6950;7604;6704;7776;6887;7921;7010;7163;8065;8266;6642;7721;6686;6878;7098
ERR1308934.fastq;8229;8889;8437;9535;8425;9844;9041;8943;8104;9091;9513;11554;8024;9140;8624;8898;9098
ERR1309405.fastq;5687;6111;5557;6164;5752;6519;5590;6603;6201;5668;6468;8055;5662;6075;5530;5703;5484
ERR1309039.fastq;5139;5191;5362;5216;5372;5839;5662;5846;5140;4993;6026;6741;5198;5512;4991;5164;5393
ERR1309160.fastq;22659;24028;21746;24567;22725;24315;24348;24570;24632;24088;26879;29505;22350;26597;22316;23050;23583
ERR1308893.fastq;6083;5354;5938;6658;5849;6710;6530;5643;6481;6107;6044;8107;6401;6294;5809;5958;6141
ERR1308915.fastq;5341;5475;5654;6105;5334;6302;5698;5602;5584;5690;6708;7306;5639;5609;5291;5528;5074
ERR1308603.fastq;5979;6426;6557;6699;6196;7197;6513;6983;6355;6565;7243;7879;6299;7150;6135;6361;6222
ERR1309135.fastq;6065;5802;6305;6750;5803;6989;6557;6586;6187;5863;7168;8048;6288;6820;6247;6478;6716
ERR1308919.fastq;6335;6717;5788;6005;6535;6926;6421;6870;6853;6133;6789;8158;6297;6809;5777;6161;5980
ERR1308872.fastq;5570;5859;5376;5986;5609;6124;5719;6091;5911;5320;6415;5469;5676;6032;5320;5432;5863
ERR1309338.fastq;8861;9640;9670;10347;8506;10413;9767;10850;9626;9981;11238;8947;9405;10625;9279;9495;9905
ERR1309481.fastq;17970;18343;16628;20313;17842;20477;19750;21338;18691;18721;18568;23589;18375;19888;17774;18449;17953
ERR1309227.fastq;6043;6306;6592;6230;5887;7048;6787;7057;6295;6012;7209;9278;6004;6352;6381;6123;6117
ERR1308671.fastq;5678;6067;5803;6300;5644;6601;5975;6261;6006;5499;6609;7206;5881;6375;5802;6010;6045
ERR1309319.fastq;5553;5797;5507;5852;5493;5958;5880;6237;5689;5387;6552;6066;5610;6111;5397;5332;5556
ERR1309305.fastq;11499;11775;11581;12573;11883;13075;12502;13878;11839;12363;13875;9775;12107;13005;11471;12103;11736
ERR1309003.fastq;9850;10329;9813;10888;9758;11397;9811;10394;10325;10467;10696;13351;10159;11341;9742;10217;9836
ERR1308607.fastq;5124;5947;4953;5790;4934;6363;6045;5296;5873;5749;5816;7093;5566;6331;5583;5418;5956
ERR1309087.fastq;6986;7227;7236;7776;6865;8086;7059;8381;6436;7407;8480;8569;6984;8038;6974;7222;7100
ERR1309162.fastq;5490;5993;5729;6018;5656;6328;6120;5799;5685;5012;6231;7317;5724;5399;5280;5552;5530
ERR1308715.fastq;5751;6065;5873;6356;5645;6595;5765;6385;5622;5966;6456;7346;5871;6538;5782;6092;5512
ERR1309167.fastq;5811;6439;5803;6444;5803;6858;5886;6146;6287;6118;6712;7652;5983;6529;5708;5693;6053
ERR1309458.fastq;5525;5799;5799;6167;5486;6194;6050;5779;5499;4914;6392;7430;5683;5906;5459;5520;5896
ERR1309464.fastq;4471;5030;4859;5017;4494;5159;5029;5110;4960;4764;5321;5174;4922;4667;4463;4475;4615
ERR1308770.fastq;11730;11943;11929;13318;11753;13588;12937;14212;12704;12679;14785;14737;11957;13623;12542;12695;12891
ERR1308745.fastq;31235;33682;31315;34222;31261;34638;33699;36754;33891;33829;38307;37584;33159;37267;29991;30467;33386
ERR1308720.fastq;6135;6461;6593;7176;6385;7439;6639;7318;6842;6739;7656;8159;6368;7411;6522;6662;6980
ERR1309496.fastq;8512;8653;9003;9775;8787;10072;9016;10219;8749;8129;10578;12432;8879;8696;8335;8557;8603
ERR1309082.fastq;6067;6034;6555;6816;6230;7241;6334;7141;6527;6534;7280;7995;6174;7001;6160;6368;6228
ERR1309425.fastq;6569;6899;6127;6783;6523;7067;6871;7437;6687;6366;7156;7230;6705;7193;5886;6250;6370
ERR1308955.fastq;5248;5434;5198;5775;5217;5965;5169;5936;5543;5253;6112;7085;5326;5867;4898;5058;5112
ERR1309373.fastq;6222;6573;5792;6021;6383;7004;6267;6366;7046;6366;6355;9176;6069;6607;5827;5733;5426
ERR1308614.fastq;5050;5659;4602;5481;5007;5768;5694;5848;5440;4608;6257;6890;4942;5441;5253;5109;4964
ERR1309216.fastq;14068;14580;13559;14706;14436;15743;14881;16980;14778;13958;13809;17856;12190;15847;13518;14003;12819
ERR1308936.fastq;5547;5612;5612;6156;5471;6196;5603;5855;5710;4535;6292;7154;5419;5565;5272;5459;5152
ERR1309331.fastq;6332;6637;6917;6971;6498;7350;6676;6478;6570;6718;7466;8337;6579;7271;6559;6855;6688
ERR1309511.fastq;5749;6105;5802;6197;5728;6408;6083;5687;5767;5637;6862;6950;5668;6528;5745;5923;5677
ERR1308950.fastq;5936;6554;6243;6613;5930;6957;6352;6941;6335;6502;7434;7778;6310;6477;6153;6468;6209
ERR1309199.fastq;6111;6106;5561;6533;6143;6629;6014;6498;6231;6541;6260;8795;6306;6122;5735;6078;5957
ERR1308665.fastq;5739;6471;5996;6731;5486;7003;6490;6108;6211;5887;7168;7650;5997;6788;6119;6366;6335
ERR1308681.fastq;5697;5987;5839;6098;5483;6304;5715;6357;5985;5843;6579;6238;5974;6369;5429;5633;5730
ERR1308592.fastq;4651;4997;4642;5027;4575;5069;4996;5298;4904;4907;4652;4400;4538;4672;4372;4579;4757
ERR1309153.fastq;6334;6580;6630;7023;6383;7296;6768;7455;6787;6495;7530;6974;6751;6966;6238;6722;6460
ERR1309094.fastq;5802;6081;5991;6459;5854;6508;6343;6394;6170;5965;6947;7878;5914;6159;5729;5790;5966
ERR1309309.fastq;6605;6936;6869;7160;6585;7467;7074;7981;6910;6916;7728;8372;6883;7542;6675;6843;6946
ERR1308750.fastq;6264;7000;5847;6735;6332;6749;6125;6718;6631;6397;6799;8450;6392;6697;5784;6327;6026
ERR1309262.fastq;5347;5927;5399;5960;5387;6066;5645;6175;5569;5505;6396;6454;5651;5838;5324;5478;5527
