accession;TCCATx2;AAAAAATx2;TGGAAx7;TGGAAx4;CATTCx4;CATTCx5;CATTCx6;CATTCx7;CATTCx2;CATTCx3;CATTCx8;CATTCx9;ATTCCx10;ATTCCx11;ATGGAx9;ATGGAx8;ATGGAx5;ATGGAx4;ATGGAx7;ATGGAx6;ATGGAx3;ATGGAx2;TGGAAx6;TGGAAx5;ATTCCx4;ATTCCx5;ATTCCx6;ATTCCx7;TGGAAx3;TGGAAx2;ATTCCx2;ATTCCx3;ATTCCx8;ATTCCx9;TGGAAx9;TGGAAx8;AATGGx10;CCATTx2;CCATTx3;CCATTx5;CCATTx7;CATTCx10;GGAATx10;AATGGx9;AATGGx8;AATGGx3;AATGGx2;AATGGx7;AATGGx6;AATGGx5;AATGGx4;GGAATx7;GGAATx6;GGAATx5;GGAATx4;GGAATx3;GGAATx2;GGAATx9;GGAATx8;GAATGx10;TCCATx3;TCCATx6;TCCATx7;TCCATx4;TCCATx5;TCCATx8;GAATGx3;GAATGx2;GAATGx5;GAATGx4;GAATGx7;GAATGx6;GAATGx9;GAATGx8;TTCCAx2;TTCCAx3;TTCCAx4;TTCCAx5;TTCCAx6;TTCCAx7;TTCCAx8;TTCCAx9
SRR7171680.fastq;483;493;472;481;468;459;453;445;474;465;454;442;454;449;416;437;452;457;430;425;455;471;473;470;483;477;479;470;491;488;490;485;486;475;454;459;439;432;424;413;380;411;460;463;463;484;491;476;483;484;487;462;470;465;490;473;478;430;458;433;468;440;446;454;457;436;489;489;488;492;461;482;438;457;486;481;476;467;460;463;455;432
SRR7171678.fastq;378;392;393;393;356;345;330;360;357;335;332;304;337;301;291;324;340;343;352;363;378;383;350;378;363;375;367;363;388;390;381;381;368;355;339;333;270;362;342;328;303;120;359;351;369;392;389;388;357;365;390;376;355;349;375;364;379;386;337;257;354;362;326;357;332;343;379;386;366;395;392;375;349;318;371;380;377;373;331;345;325;37
SRR7171682.fastq;396;407;378;399;368;393;361;374;386;384;355;347;393;359;402;407;390;362;337;333;394;402;407;402;396;395;387;402;397;399;401;396;397;401;410;378;424;338;326;331;299;343;317;380;382;407;404;393;385;414;398;364;378;381;392;378;383;370;389;419;373;390;349;387;377;342;402;405;396;412;359;398;398;383;403;398;406;409;408;363;368;384
SRR7171675.fastq;417;446;430;430;450;420;497;426;439;438;434;414;475;465;441;412;458;397;458;390;442;440;407;470;460;456;448;465;446;436;435;443;506;447;473;389;286;434;368;387;467;252;452;432;450;424;421;480;446;443;415;421;442;434;432;389;397;477;417;399;391;424;476;400;438;431;396;426;448;444;437;444;420;447;432;419;438;425;438;434;414;418
ERR1602651.fastq;29652;29475;29717;29680;29678;29687;29698;29708;29650;29660;29724;29735;29765;29771;29730;29719;29680;29669;29703;29688;29656;29649;29705;29693;29685;29697;29713;29726;29666;29653;29656;29669;29743;29759;29749;29735;29761;29645;29651;29673;29695;29742;29760;29754;29745;29670;29657;29724;29712;29699;29687;29722;29707;29692;29684;29665;29654;29752;29737;29751;29658;29689;29701;29673;29683;29718;29668;29655;29694;29686;29719;29708;29745;29734;29651;29659;29676;29686;29694;29706;29721;29734
SRR7171668.fastq;1647;1659;1707;1674;1670;1665;1679;1692;1645;1649;1698;1693;1732;1731;1660;1665;1636;1636;1662;1647;1626;1628;1697;1686;1675;1680;1694;1706;1666;1655;1652;1664;1723;1729;1720;1713;1722;1594;1599;1598;1630;1682;1700;1719;1712;1660;1654;1698;1686;1679;1671;1682;1671;1663;1659;1638;1637;1706;1689;1681;1648;1669;1675;1655;1666;1697;1651;1649;1676;1672;1690;1683;1695;1704;1653;1662;1676;1683;1690;1696;1706;1705
ERR251402.fastq;37523;37093;38071;37742;37745;37848;37959;38067;37520;37629;38180;38287;38416;38520;38282;38170;37841;37734;38055;37945;37620;37517;37961;37853;37754;37860;37975;38086;37633;37522;37526;37638;38202;38315;38291;38183;38403;37516;37619;37838;38054;38395;38404;38295;38191;37634;37525;38074;37962;37855;37743;38075;37965;37852;37749;37631;37521;38299;38189;38397;37625;37949;38059;37737;37845;38172;37632;37524;37851;37746;38068;37958;38288;38181;37519;37628;37741;37849;37953;38066;38176;38286
ERR1602656.fastq;30625;30450;30697;30656;30654;30665;30675;30686;30623;30634;30704;30719;30752;30759;30711;30700;30656;30644;30679;30665;30630;30622;30684;30671;30660;30675;30691;30706;30642;30626;30629;30645;30725;30742;30732;30716;30745;30616;30623;30646;30672;30727;30744;30737;30724;30644;30630;30704;30690;30674;30662;30702;30685;30669;30659;30641;30627;30735;30720;30737;30632;30667;30683;30649;30658;30699;30643;30628;30672;30661;30699;30687;30725;30715;30624;30635;30652;30664;30672;30685;30702;30718
SRR7171662.fastq;512;528;500;511;508;504;509;481;514;505;482;481;484;469;472;480;503;480;458;464;486;508;514;502;526;515;530;505;520;523;525;524;510;499;479;498;475;480;472;468;394;454;453;492;497;514;526;509;510;508;527;490;500;494;510;509;513;489;501;434;502;471;470;492;485;469;521;524;500;530;488;502;466;499;521;515;517;517;493;489;483;470
ERR1602666.fastq;29919;29770;29950;29934;29931;29934;29936;29943;29918;29920;29950;29953;29974;29974;29947;29943;29925;29922;29930;29926;29915;29916;29946;29940;29939;29943;29950;29958;29928;29921;29923;29929;29968;29975;29966;29962;29969;29910;29909;29910;29925;29957;29971;29967;29966;29930;29924;29955;29948;29942;29938;29954;29945;29936;29936;29926;29920;29969;29961;29964;29917;29924;29932;29923;29926;29942;29927;29922;29941;29937;29949;29944;29961;29959;29917;29918;29929;29932;29932;29938;29949;29950
ERR251347.fastq;37381;37062;37924;37597;37601;37702;37814;37921;37375;37484;38033;38140;38269;38372;38135;38024;37696;37590;37909;37801;37476;37374;37816;37706;37610;37715;37830;37941;37489;37380;37383;37496;38056;38168;38144;38036;38256;37373;37475;37691;37908;38249;38257;38148;38045;37490;37382;37928;37817;37710;37600;37931;37820;37707;37606;37486;37378;38153;38044;38250;37480;37804;37913;37593;37700;38026;37488;37379;37705;37604;37922;37813;38141;38035;37376;37483;37598;37704;37808;37918;38030;38139
SRR7171677.fastq;1483;1496;1544;1513;1506;1506;1513;1527;1479;1488;1540;1548;1575;1551;1507;1501;1475;1467;1501;1487;1455;1461;1533;1522;1514;1521;1537;1547;1500;1490;1492;1503;1559;1575;1555;1555;1560;1411;1428;1413;1466;1542;1555;1551;1553;1499;1493;1530;1523;1517;1512;1523;1510;1498;1501;1474;1474;1550;1539;1509;1483;1499;1524;1497;1489;1528;1490;1489;1513;1510;1525;1515;1543;1527;1491;1504;1515;1523;1527;1539;1551;1552
ERR251379.fastq;33398;32685;34181;33710;33715;33864;34024;34179;33393;33550;34339;34494;34671;34821;34489;34330;33856;33704;34165;34010;33541;33392;34025;33868;33724;33878;34040;34199;33555;33397;33401;33562;34363;34523;34498;34342;34658;33391;33542;33853;34167;34650;34659;34503;34351;33556;33400;34186;34028;33872;33714;34188;34030;33869;33720;33552;33399;34508;34350;34652;33546;34015;34171;33707;33860;34333;33554;33396;33867;33718;34180;34026;34495;34340;33394;33549;33712;33866;34018;34176;34335;34493
SRR7171666.fastq;438;476;524;495;482;470;516;460;462;458;503;508;489;343;433;447;421;460;452;480;457;450;497;503;454;487;503;477;485;471;465;471;534;553;400;507;463;389;383;393;426;447;495;485;487;483;473;535;462;495;493;498;527;443;480;470;459;457;459;403;433;432;438;443;459;407;459;461;496;490;521;492;458;450;463;445;458;456;484;500;479;443
ERR251346.fastq;30758;30392;31306;30977;30981;31084;31195;31304;30755;30862;31418;31526;31657;31760;31521;31409;31078;30971;31292;31183;30855;30752;31197;31087;30990;31096;31212;31323;30868;30757;30761;30874;31441;31555;31530;31421;31643;30751;30854;31073;31291;31636;31644;31534;31430;30869;30760;31311;31199;31090;30979;31312;31201;31088;30985;30866;30756;31539;31429;31637;30860;31187;31295;30973;31082;31411;30867;30759;31089;30984;31305;31196;31527;31420;30753;30863;30978;31085;31190;31302;31415;31525
ERR251404.fastq;35126;34795;35767;35383;35385;35507;35637;35765;35121;35249;35895;36023;36170;36294;36018;35887;35501;35375;35753;35625;35242;35120;35640;35513;35395;35520;35654;35785;35255;35127;35129;35261;35918;36051;36027;35899;36159;35119;35241;35495;35752;36151;36160;36032;35908;35256;35128;35775;35642;35515;35386;35773;35644;35512;35390;35253;35125;36037;35907;36153;35246;35629;35758;35378;35505;35889;35254;35124;35510;35388;35766;35638;36024;35897;35123;35251;35382;35509;35632;35762;35894;36022
ERR251327.fastq;33493;33152;33837;33631;33633;33696;33768;33833;33489;33558;33907;33972;34059;34122;33967;33896;33688;33624;33820;33753;33550;33488;33770;33701;33643;33708;33783;33852;33563;33495;33497;33570;33929;34001;33976;33911;34046;33487;33549;33684;33821;34034;34048;33982;33917;33564;33496;33840;33769;33702;33634;33842;33773;33698;33638;33561;33494;33984;33915;34037;33554;33757;33825;33626;33692;33898;33562;33492;33699;33635;33834;33766;33973;33906;33490;33559;33630;33697;33761;33830;33901;33971
ERR251377.fastq;34452;34137;34993;34668;34671;34773;34883;34991;34448;34558;35103;35208;35336;35436;35202;35093;34766;34660;34976;34869;34547;34445;34886;34778;34680;34785;34900;35009;34560;34450;34454;34565;35125;35236;35212;35107;35323;34444;34546;34763;34977;35314;35325;35216;35114;34561;34453;34998;34887;34780;34669;34997;34889;34775;34674;34557;34449;35219;35111;35316;34552;34876;34983;34663;34771;35097;34559;34451;34777;34672;34990;34884;35209;35104;34447;34555;34667;34774;34878;34989;35100;35207
ERR1602661.fastq;31935;31763;31998;31962;31960;31969;31978;31989;31934;31943;32006;32015;32044;32048;32008;31999;31962;31951;31981;31969;31939;31932;31985;31974;31967;31980;31994;32008;31949;31936;31939;31952;32025;32038;32026;32014;32041;31928;31933;31955;31976;32023;32040;32034;32024;31953;31940;32005;31993;31981;31968;32004;31989;31975;31966;31948;31937;32032;32018;32034;31941;31971;31985;31956;31965;32001;31951;31938;31976;31969;32001;31990;32027;32017;31933;31942;31957;31966;31975;31987;32002;32010
SRR7171663.fastq;445;476;494;492;501;431;475;491;452;454;516;414;475;318;387;263;452;430;429;497;412;455;517;474;473;486;506;479;479;472;467;468;514;532;483;499;449;387;397;425;392;473;222;478;460;469;470;511;468;480;477;505;494;456;488;466;461;466;457;435;440;455;456;468;477;438;465;469;494;478;503;474;494;467;465;478;472;466;448;451;523;452
ERR1602667.fastq;29856;29694;29908;29876;29874;29881;29888;29894;29855;29861;29906;29911;29938;29940;29903;29899;29873;29866;29886;29877;29857;29853;29894;29887;29881;29889;29902;29911;29868;29858;29860;29870;29926;29935;29927;29918;29934;29848;29853;29865;29879;29912;29932;29930;29923;29871;29861;29909;29899;29888;29882;29905;29897;29884;29880;29866;29857;29929;29919;29924;29860;29878;29889;29872;29876;29904;29869;29859;29886;29883;29903;29896;29920;29916;29854;29859;29873;29879;29883;29891;29903;29907
ERR1602655.fastq;30694;30533;30747;30715;30714;30720;30725;30736;30693;30700;30747;30753;30781;30782;30747;30741;30711;30704;30725;30714;30694;30691;30737;30726;30720;30727;30741;30752;30706;30696;30698;30708;30768;30775;30770;30760;30778;30686;30692;30704;30720;30760;30775;30773;30765;30709;30699;30751;30738;30728;30721;30748;30734;30724;30718;30704;30695;30771;30759;30767;30698;30718;30731;30710;30714;30745;30707;30697;30725;30722;30744;30735;30765;30758;30692;30697;30712;30717;30722;30729;30742;30750
ERR251380.fastq;33234;32620;34011;33544;33549;33696;33855;34009;33229;33385;34168;34321;34497;34645;34316;34157;33688;33538;33996;33841;33376;33228;33857;33700;33558;33710;33871;34029;33390;33233;33237;33397;34191;34350;34325;34170;34485;33227;33377;33685;33997;34476;34484;34330;34179;33391;33236;34016;33859;33704;33548;34018;33861;33701;33554;33387;33235;34335;34178;34477;33381;33846;34002;33541;33692;34160;33389;33232;33699;33552;34010;33856;34322;34166;33230;33384;33546;33698;33849;34006;34163;34320
SRR7171683.fastq;388;399;387;388;395;401;368;370;383;374;350;331;351;353;338;368;340;356;358;378;392;396;376;383;386;387;380;388;399;397;392;385;390;352;376;346;354;355;355;313;150;349;309;372;396;387;393;379;394;386;385;376;355;364;376;381;378;354;386;303;373;345;330;377;375;359;384;391;380;392;371;364;333;374;390;391;384;378;369;363;372;360
ERR1602658.fastq;28996;28819;29070;29027;29025;29036;29048;29060;28995;29006;29080;29093;29123;29130;29085;29072;29029;29016;29053;29038;29002;28993;29054;29041;29032;29045;29063;29080;29012;28997;29000;29015;29099;29117;29103;29088;29119;28989;28996;29022;29049;29101;29118;29110;29098;29016;29001;29077;29061;29048;29034;29076;29059;29042;29031;29011;28998;29109;29091;29110;29005;29041;29057;29022;29033;29076;29014;28999;29043;29033;29072;29056;29102;29089;28994;29004;29023;29034;29043;29059;29074;29088
ERR1602660.fastq;29694;29522;29751;29718;29717;29724;29729;29740;29693;29701;29754;29762;29789;29791;29753;29745;29716;29707;29732;29721;29695;29691;29740;29729;29723;29730;29746;29758;29706;29695;29698;29707;29773;29787;29776;29767;29788;29689;29692;29714;29724;29763;29784;29783;29772;29710;29699;29756;29744;29732;29724;29750;29739;29728;29721;29705;29696;29780;29764;29774;29699;29725;29738;29715;29722;29751;29708;29697;29731;29725;29754;29741;29774;29763;29692;29698;29714;29721;29728;29736;29750;29758
SRR7171665.fastq;724;744;772;756;749;754;762;754;721;732;761;775;796;781;737;767;721;707;736;741;730;722;759;764;763;760;775;798;756;735;741;746;823;801;770;764;778;695;706;705;713;736;779;771;791;736;740;780;776;771;762;761;746;761;755;729;732;767;751;770;717;733;744;729;736;750;749;733;750;761;766;757;791;769;739;741;765;759;753;775;763;754
ERR1602650.fastq;34202;34036;34263;34227;34225;34233;34241;34252;34200;34209;34265;34276;34307;34309;34268;34261;34225;34216;34246;34233;34205;34199;34252;34239;34232;34243;34258;34270;34216;34203;34206;34218;34288;34300;34289;34278;34302;34194;34199;34217;34239;34284;34301;34295;34286;34219;34207;34269;34257;34244;34234;34266;34253;34238;34231;34214;34204;34293;34280;34291;34207;34234;34249;34221;34228;34262;34217;34205;34240;34233;34264;34251;34287;34277;34201;34208;34224;34232;34240;34250;34263;34274
ERR251403.fastq;34666;34349;35168;34868;34870;34964;35066;35166;34661;34762;35268;35368;35488;35583;35363;35260;34957;34860;35153;35054;34754;34660;35069;34967;34880;34976;35083;35185;34767;34667;34669;34773;35291;35397;35372;35272;35476;34659;34753;34952;35154;35469;35477;35378;35281;34768;34668;35173;35072;34971;34871;35175;35073;34968;34875;34765;34665;35380;35280;35468;34758;35058;35160;34863;34960;35262;34766;34664;34966;34872;35167;35067;35369;35271;34663;34763;34867;34965;35061;35163;35265;35367
ERR251325.fastq;40861;40532;41292;41032;41036;41116;41203;41289;40855;40942;41378;41464;41570;41649;41458;41368;41109;41025;41277;41191;40934;40854;41206;41121;41045;41130;41220;41308;40947;40860;40863;40953;41401;41490;41467;41381;41557;40853;40933;41105;41276;41548;41558;41471;41390;40948;40862;41296;41207;41123;41035;41299;41210;41119;41040;40945;40859;41474;41389;41550;40938;41194;41284;41028;41113;41371;40946;40858;41118;41039;41290;41204;41463;41379;40857;40941;41031;41117;41198;41286;41375;41462
ERR1602664.fastq;29634;29476;29711;29666;29665;29677;29691;29702;29632;29645;29722;29735;29765;29774;29729;29715;29669;29656;29695;29679;29640;29631;29696;29682;29671;29686;29704;29721;29652;29635;29638;29654;29741;29756;29744;29732;29762;29626;29634;29660;29687;29747;29760;29750;29737;29655;29639;29717;29703;29687;29673;29713;29699;29680;29670;29650;29636;29751;29733;29752;29643;29680;29698;29660;29670;29714;29653;29637;29684;29672;29714;29698;29743;29730;29633;29644;29663;29676;29686;29699;29717;29730
ERR1602649.fastq;33715;33526;33781;33743;33742;33750;33763;33771;33714;33723;33788;33797;33829;33833;33790;33780;33742;33732;33765;33751;33718;33712;33767;33756;33748;33760;33776;33790;33729;33716;33719;33732;33806;33821;33809;33796;33824;33708;33714;33735;33759;33806;33823;33817;33805;33733;33720;33788;33774;33762;33749;33786;33771;33755;33747;33728;33717;33815;33801;33814;33721;33753;33767;33735;33746;33783;33731;33718;33758;33750;33782;33772;33808;33799;33713;33722;33739;33747;33756;33769;33782;33795
SRR7171664.fastq;1476;1485;1491;1489;1490;1480;1487;1490;1474;1474;1491;1488;1511;1511;1465;1471;1466;1464;1466;1449;1467;1465;1492;1488;1499;1500;1506;1511;1484;1478;1481;1490;1525;1520;1493;1505;1493;1437;1438;1444;1438;1471;1487;1508;1511;1488;1482;1508;1502;1497;1493;1484;1472;1481;1482;1471;1472;1496;1499;1462;1465;1462;1467;1471;1470;1484;1481;1479;1491;1496;1498;1490;1490;1500;1480;1482;1492;1486;1484;1486;1490;1499
ERR1602663.fastq;28954;28784;29016;28980;28978;28987;28995;29007;28952;28962;29021;29033;29063;29065;29026;29016;28980;28969;29000;28986;28958;28951;29003;28992;28985;28997;29011;29024;28969;28955;28958;28971;29041;29055;29045;29032;29058;28946;28952;28972;28992;29037;29056;29049;29043;28972;28959;29022;29009;28999;28987;29020;29007;28993;28984;28967;28956;29048;29035;29047;28960;28987;29003;28974;28983;29017;28970;28957;28994;28986;29018;29005;29040;29033;28953;28961;28976;28985;28992;29004;29018;29029
ERR251342.fastq;33970;33515;34515;34187;34191;34293;34404;34512;33965;34075;34625;34732;34860;34965;34727;34616;34288;34180;34500;34392;34066;33964;34406;34299;34200;34306;34421;34532;34079;33969;33973;34086;34648;34761;34736;34629;34848;33963;34065;34282;34499;34841;34849;34740;34637;34080;33972;34519;34408;34301;34190;34521;34411;34297;34195;34077;33968;34743;34636;34842;34070;34395;34506;34183;34291;34618;34078;33971;34298;34193;34513;34405;34733;34627;33966;34073;34188;34295;34399;34510;34623;34731
SRR7171674.fastq;1508;1519;1566;1535;1529;1531;1538;1554;1501;1515;1571;1568;1593;1592;1537;1504;1507;1493;1521;1500;1485;1485;1551;1546;1541;1550;1560;1577;1529;1511;1514;1525;1583;1598;1585;1577;1584;1458;1462;1480;1510;1572;1571;1582;1574;1521;1515;1571;1554;1540;1536;1551;1543;1529;1526;1500;1499;1581;1567;1564;1505;1530;1532;1517;1525;1552;1511;1509;1537;1533;1559;1546;1575;1559;1513;1526;1538;1547;1553;1568;1575;1584
ERR1602653.fastq;28348;28191;28378;28363;28359;28360;28364;28368;28346;28349;28377;28381;28406;28403;28376;28371;28354;28350;28362;28355;28345;28345;28374;28368;28368;28372;28379;28387;28357;28350;28352;28359;28398;28406;28395;28389;28398;28339;28337;28342;28353;28385;28400;28397;28393;28358;28353;28383;28376;28371;28367;28381;28377;28366;28365;28355;28349;28398;28390;28390;28346;28354;28363;28354;28355;28372;28356;28351;28370;28366;28380;28371;28388;28387;28347;28347;28358;28363;28361;28365;28374;28380
ERR251401.fastq;37752;37416;38298;37970;37974;38076;38188;38296;37748;37857;38409;38516;38646;38749;38511;38399;38069;37963;38284;38177;37848;37745;38190;38081;37983;38088;38204;38315;37861;37750;37754;37866;38430;38543;38520;38411;38633;37744;37847;38066;38283;38626;38634;38524;38420;37862;37753;38302;38192;38083;37972;38305;38194;38080;37978;37859;37749;38528;38418;38625;37853;38180;38288;37966;38073;38401;37860;37751;38077;37975;38295;38187;38517;38410;37747;37856;37971;38078;38183;38293;38405;38515
SRR7171676.fastq;7414;7398;7446;7430;7427;7425;7429;7433;7410;7414;7440;7446;7476;7468;7436;7429;7408;7403;7417;7411;7401;7403;7440;7434;7440;7443;7450;7458;7427;7417;7420;7429;7470;7480;7452;7451;7456;7379;7371;7385;7401;7440;7451;7458;7454;7425;7419;7450;7441;7437;7432;7431;7427;7420;7425;7405;7407;7447;7443;7444;7410;7421;7423;7418;7416;7430;7419;7416;7431;7436;7439;7433;7448;7446;7418;7423;7434;7435;7437;7442;7442;7449
ERR1602657.fastq;36193;36008;36260;36221;36219;36229;36239;36249;36192;36202;36266;36278;36309;36313;36271;36261;36221;36210;36246;36230;36198;36190;36246;36235;36226;36239;36255;36269;36209;36194;36197;36211;36286;36302;36290;36277;36305;36185;36192;36214;36236;36284;36303;36297;36287;36212;36198;36267;36253;36241;36228;36265;36250;36234;36225;36207;36195;36296;36281;36294;36201;36235;36248;36215;36225;36263;36210;36196;36236;36227;36262;36249;36288;36276;36191;36200;36217;36228;36233;36247;36262;36274
ERR251326.fastq;40918;40594;41352;41091;41094;41175;41264;41350;40912;40998;41440;41526;41633;41714;41521;41432;41168;41084;41338;41252;40991;40911;41267;41180;41104;41189;41281;41369;41004;40917;40920;41011;41463;41552;41530;41445;41621;40910;40990;41164;41337;41612;41622;41536;41453;41005;40919;41360;41269;41182;41095;41358;41271;41179;41099;41002;40916;41539;41452;41614;40995;41256;41343;41087;41172;41434;41003;40915;41178;41098;41351;41265;41527;41443;40913;40999;41090;41176;41259;41346;41437;41525
SRR7171672.fastq;404;440;411;403;441;409;433;402;424;426;412;423;431;407;382;266;387;405;409;385;397;407;442;427;426;435;425;452;423;406;431;437;465;444;431;397;468;416;409;357;347;410;379;422;444;446;430;435;412;442;455;480;407;425;443;436;429;436;404;462;399;405;373;392;401;392;413;411;434;445;419;440;394;426;427;428;456;443;465;471;415;393
ERR251348.fastq;36902;36569;37440;37117;37121;37220;37331;37437;36897;37005;37547;37653;37781;37883;37648;37539;37214;37110;37424;37318;36996;36896;37333;37225;37130;37235;37347;37457;37010;36903;36905;37017;37571;37681;37657;37551;37768;36895;36997;37211;37425;37761;37769;37661;37560;37011;36904;37444;37334;37228;37120;37445;37337;37226;37125;37008;36901;37666;37559;37762;37001;37321;37430;37113;37218;37541;37009;36900;37224;37124;37438;37330;37654;37550;36898;37004;37116;37222;37325;37434;37545;37652
ERR251378.fastq;34073;33800;34614;34289;34292;34393;34503;34610;34069;34177;34721;34827;34956;35055;34821;34711;34386;34281;34597;34489;34167;34066;34505;34396;34301;34405;34519;34629;34180;34071;34075;34185;34744;34855;34831;34727;34943;34065;34166;34383;34596;34933;34944;34835;34733;34181;34074;34618;34506;34400;34290;34617;34508;34395;34295;34178;34070;34838;34730;34935;34172;34494;34605;34284;34391;34716;34179;34072;34397;34293;34611;34502;34828;34722;34068;34175;34288;34394;34497;34606;34718;34826
ERR251328.fastq;34371;34022;34712;34507;34509;34571;34640;34708;34366;34434;34778;34845;34932;34993;34839;34769;34563;34500;34695;34626;34425;34365;34643;34576;34519;34583;34657;34726;34440;34372;34374;34446;34802;34873;34848;34784;34919;34364;34426;34558;34694;34908;34920;34852;34789;34439;34373;34716;34644;34577;34510;34715;34647;34573;34513;34437;34370;34855;34788;34909;34430;34631;34702;34502;34567;34771;34438;34369;34574;34511;34707;34642;34844;34779;34367;34436;34506;34572;34635;34705;34775;34843
SRR7171661.fastq;727;737;717;735;723;700;713;689;720;706;679;686;718;678;647;671;696;694;692;677;697;718;699;717;729;719;706;719;724;732;733;728;715;721;703;691;677;684;671;663;682;631;670;694;726;733;735;715;724;721;733;700;692;699;719;704;719;701;684;640;711;688;677;703;703;675;732;734;714;731;697;727;682;687;731;726;722;727;702;693;686;678
SRR7171669.fastq;1429;1440;1492;1462;1455;1465;1462;1475;1427;1437;1482;1507;1537;1508;1458;1457;1429;1419;1423;1431;1405;1407;1479;1472;1464;1470;1484;1495;1448;1433;1434;1445;1511;1532;1515;1506;1506;1376;1374;1380;1380;1474;1504;1514;1509;1446;1436;1496;1477;1467;1459;1470;1464;1454;1448;1421;1421;1493;1471;1486;1425;1458;1464;1439;1449;1502;1433;1431;1461;1456;1479;1463;1498;1489;1435;1450;1463;1475;1478;1493;1508;1497
ERR1602654.fastq;30769;30638;30803;30786;30784;30787;30790;30795;30768;30772;30804;30809;30834;30831;30801;30796;30779;30774;30786;30778;30766;30766;30798;30794;30791;30796;30803;30812;30778;30771;30773;30780;30821;30831;30821;30817;30822;30760;30760;30765;30776;30812;30826;30822;30820;30781;30774;30809;30801;30795;30789;30807;30800;30789;30787;30777;30770;30825;30816;30818;30767;30776;30784;30775;30777;30797;30779;30772;30793;30790;30802;30797;30814;30813;30767;30769;30781;30784;30782;30791;30801;30806
ERR1602668.fastq;30158;30000;30227;30188;30186;30193;30206;30217;30156;30166;30233;30247;30282;30283;30241;30228;30187;30176;30208;30196;30162;30155;30214;30202;30192;30205;30221;30236;30174;30159;30162;30176;30255;30270;30260;30245;30271;30149;30155;30177;30203;30258;30273;30264;30254;30177;30163;30234;30219;30206;30194;30230;30218;30200;30191;30173;30160;30262;30248;30262;30164;30197;30212;30181;30189;30229;30175;30161;30203;30193;30228;30215;30253;30244;30157;30167;30184;30197;30203;30215;30232;30244
ERR251344.fastq;34040;33707;34479;34217;34219;34299;34387;34473;34036;34125;34565;34649;34756;34837;34643;34555;34291;34209;34460;34374;34114;34035;34390;34305;34228;34311;34404;34493;34129;34042;34044;34135;34588;34677;34656;34571;34744;34034;34115;34289;34461;34737;34745;34657;34575;34128;34043;34482;34391;34304;34216;34480;34394;34301;34221;34126;34039;34661;34574;34738;34120;34377;34465;34211;34295;34556;34127;34041;34303;34220;34476;34389;34651;34566;34037;34124;34215;34300;34383;34471;34563;34648
ERR251329.fastq;35458;35067;35956;35658;35660;35754;35855;35954;35453;35553;36056;36155;36274;36366;36149;36047;35748;35650;35940;35843;35545;35452;35857;35759;35670;35767;35872;35973;35558;35459;35461;35564;36080;36184;36159;36062;36262;35451;35544;35742;35942;36252;36261;36165;36069;35559;35460;35963;35859;35761;35661;35961;35861;35756;35665;35556;35457;36167;36068;36254;35549;35847;35948;35653;35752;36051;35557;35456;35757;35662;35955;35856;36156;36059;35455;35554;35656;35755;35850;35950;36053;36154
ERR251343.fastq;34353;34003;34799;34533;34535;34617;34707;34795;34349;34440;34889;34975;35083;35167;34970;34879;34609;34525;34784;34693;34429;34348;34711;34622;34544;34629;34724;34814;34444;34355;34357;34450;34912;35003;34981;34894;35070;34347;34430;34607;34781;35064;35072;34982;34900;34443;34356;34801;34710;34623;34532;34802;34714;34619;34537;34441;34352;34987;34898;35065;34435;34697;34787;34527;34613;34880;34442;34354;34620;34536;34797;34709;34976;34890;34350;34439;34531;34618;34704;34793;34886;34974
ERR1602652.fastq;30312;30138;30392;30345;30344;30356;30371;30384;30311;30323;30402;30416;30448;30457;30407;30396;30347;30335;30376;30358;30318;30309;30377;30361;30350;30365;30384;30401;30330;30314;30316;30332;30422;30437;30428;30413;30443;30304;30313;30338;30369;30430;30444;30432;30419;30333;30317;30399;30383;30366;30352;30395;30379;30359;30349;30328;30313;30431;30415;30437;30321;30360;30379;30339;30349;30395;30331;30315;30362;30351;30393;30378;30424;30411;30310;30322;30342;30354;30366;30380;30398;30412
SRR7171671.fastq;427;436;423;402;405;408;393;422;391;396;369;417;419;443;283;391;402;413;400;407;413;412;415;403;443;460;441;432;409;408;429;436;451;437;474;440;440;394;369;431;368;219;439;436;442;421;430;444;420;467;456;395;443;452;430;419;409;446;394;373;387;390;403;407;374;380;432;424;430;441;473;475;452;395;416;417;428;405;448;449;393;388
SRR7171667.fastq;1659;1671;1716;1688;1682;1686;1681;1701;1660;1666;1710;1684;1729;1695;1672;1669;1646;1630;1658;1649;1628;1635;1705;1699;1687;1692;1702;1724;1675;1665;1666;1673;1734;1747;1720;1723;1716;1606;1615;1600;1644;1688;1706;1733;1726;1672;1668;1708;1693;1694;1686;1691;1689;1678;1677;1654;1649;1709;1707;1687;1655;1685;1677;1665;1674;1700;1662;1662;1682;1683;1697;1686;1705;1709;1664;1674;1689;1696;1703;1715;1722;1721
SRR7171673.fastq;1339;1351;1400;1366;1360;1362;1375;1379;1334;1344;1390;1394;1431;1417;1360;1358;1330;1325;1351;1346;1324;1318;1387;1380;1367;1378;1385;1399;1358;1345;1346;1354;1414;1425;1411;1400;1407;1278;1292;1301;1321;1400;1384;1400;1404;1355;1347;1392;1383;1372;1364;1378;1371;1358;1358;1334;1332;1399;1396;1371;1338;1354;1368;1351;1350;1377;1345;1342;1366;1365;1390;1366;1393;1401;1344;1359;1369;1376;1386;1387;1402;1397
ERR251345.fastq;30748;30416;31290;30963;30968;31070;31180;31287;30742;30850;31397;31506;31636;31738;31501;31390;31064;30957;31275;31168;30843;30741;31182;31073;30977;31083;31197;31306;30856;30746;30750;30862;31421;31535;31510;31403;31622;30740;30842;31059;31274;31614;31623;31515;31411;30857;30749;31294;31185;31077;30967;31295;31186;31075;30972;30854;30745;31520;31410;31616;30847;31171;31280;30960;31068;31392;30855;30747;31074;30970;31288;31181;31507;31400;30744;30852;30965;31072;31175;31283;31395;31505
SRR7171679.fastq;436;457;409;432;425;411;443;390;447;416;389;380;463;414;368;443;431;440;407;460;456;453;439;416;463;438;417;435;437;446;451;445;445;415;411;406;427;393;369;339;363;348;383;414;404;432;454;411;416;434;451;429;411;452;456;449;450;445;439;370;435;383;389;414;386;435;443;449;441;442;417;400;364;427;437;439;429;423;412;403;413;407
SRR7171670.fastq;1300;1310;1376;1334;1327;1339;1347;1354;1298;1308;1379;1383;1411;1389;1329;1344;1306;1301;1316;1310;1281;1284;1363;1344;1341;1348;1364;1379;1323;1304;1307;1319;1399;1415;1391;1387;1395;1252;1262;1275;1321;1385;1364;1390;1382;1315;1305;1372;1356;1343;1335;1353;1340;1321;1324;1297;1288;1386;1377;1368;1305;1336;1359;1314;1328;1364;1309;1302;1335;1336;1356;1353;1374;1370;1306;1321;1340;1352;1360;1374;1385;1384
ERR1602662.fastq;33601;33435;33658;33625;33623;33630;33639;33646;33599;33607;33663;33671;33700;33703;33664;33656;33624;33614;33641;33629;33604;33598;33646;33636;33630;33641;33654;33666;33615;33602;33605;33617;33681;33695;33683;33673;33696;33593;33598;33616;33634;33674;33694;33689;33682;33618;33606;33664;33653;33642;33632;33663;33649;33637;33629;33613;33603;33690;33675;33683;33606;33631;33645;33619;33627;33657;33616;33604;33638;33631;33659;33648;33679;33671;33600;33608;33622;33631;33635;33647;33660;33668
ERR1602665.fastq;27586;27435;27617;27601;27597;27597;27600;27605;27584;27587;27615;27617;27639;27639;27614;27609;27592;27588;27601;27593;27584;27583;27613;27608;27606;27610;27617;27625;27595;27588;27590;27597;27635;27641;27632;27627;27633;27577;27576;27579;27592;27622;27634;27634;27633;27596;27591;27623;27615;27609;27605;27619;27614;27604;27603;27593;27587;27637;27628;27627;27583;27591;27599;27590;27591;27608;27594;27589;27607;27604;27616;27611;27627;27625;27585;27585;27596;27601;27599;27603;27613;27615
ERR1602659.fastq;31295;31135;31348;31320;31318;31322;31331;31338;31294;31301;31355;31361;31387;31395;31356;31347;31313;31307;31332;31321;31296;31291;31337;31329;31322;31333;31345;31358;31308;31296;31299;31310;31372;31385;31372;31362;31382;31286;31292;31304;31324;31371;31384;31376;31370;31312;31300;31356;31344;31334;31325;31355;31343;31328;31323;31307;31297;31378;31367;31377;31297;31320;31331;31308;31314;31346;31309;31298;31330;31324;31349;31341;31369;31363;31293;31299;31313;31320;31325;31336;31349;31358
