accession;AATGGx3;AATGGx2;GGAATx5;GGAATx4;GGAATx3;GGAATx2;ATGGAx2;TCCATx2;TCCATx3;TGGAAx5;TGGAAx3;TGGAAx2;ATTCCx2;ATTCCx3;CCATTx2;TACGTx2;TGGAAx4;CATTCx4;CATTCx2;CATTCx3;GAATGx3;GAATGx2;GAATGx5;GAATGx4;TTCCAx2;TTCCAx3
SRR013247.fastq;30415;30734;30365;30412;30474;30859;30520;30617;30433;30338;30449;30648;30765;30432;30516;30368;30374;30409;30705;30424;30471;30939;30379;30420;30614;30402
SRR013216.fastq;34699;34866;34638;34690;34727;34954;34793;34918;34719;34622;34721;34903;34938;34731;34765;34715;34664;34642;34846;34703;34782;35164;34630;34693;34862;34715
SRR013248.fastq;34787;35320;34619;34681;34791;35294;35035;34864;34670;34591;34777;35125;35046;34734;34814;34688;34664;34616;34914;34640;34786;35498;34647;34711;34803;34688
SRR013227.fastq;42375;42563;42329;42381;42434;42594;42443;42490;42348;42319;42388;42477;42500;42369;42376;42355;42309;42344;42513;42395;42422;42625;42355;42385;42429;42347
SRR013236.fastq;28014;28130;28002;28061;28113;28271;28079;28095;27986;27967;28067;28165;28145;28027;28049;27975;27994;27980;28086;28017;28094;28231;27987;28023;28061;27991
SRR013231.fastq;34482;34618;34429;34503;34558;34800;34637;34779;34517;34390;34505;34665;34782;34512;34570;34533;34412;34432;34622;34499;34589;35045;34459;34523;34660;34473
SRR013242.fastq;36291;36481;36232;36269;36322;36469;36301;36347;36238;36220;36305;36395;36449;36317;36312;36294;36242;36253;36400;36278;36376;36589;36235;36285;36386;36258
SRR013213.fastq;34329;34648;34220;34278;34354;34690;34407;34676;34346;34212;34307;34531;34742;34362;34405;34289;34248;34264;34559;34325;34373;34916;34247;34294;34513;34315
SRR013218.fastq;37109;37397;37018;37100;37133;37466;37268;37408;37114;37016;37139;37399;37374;37081;37096;37087;37053;37013;37264;37070;37219;37847;37024;37096;37243;37030
SRR013235.fastq;32579;32914;32498;32544;32620;32971;32642;32770;32568;32477;32595;32835;32855;32593;32659;32516;32542;32502;32697;32525;32645;32928;32531;32558;32676;32552
SRR013207.fastq;32829;33050;32774;32862;32970;33254;32956;32844;32723;32750;32874;33129;32883;32763;32707;32670;32799;32727;32912;32781;32941;33352;32772;32845;32902;32755
SRR013219.fastq;34431;34693;34359;34433;34452;34756;34615;34657;34448;34362;34457;34600;34773;34442;34429;34438;34367;34369;34489;34380;34531;34949;34386;34426;34550;34421
SRR013230.fastq;35313;35571;35188;35286;35302;35544;35382;35632;35308;35182;35318;35500;35631;35352;35393;35325;35197;35249;35566;35331;35360;35815;35219;35246;35517;35283
SRR013211.fastq;45423;46037;45333;45381;45461;45898;45589;45562;45363;45298;45486;45848;45760;45400;45459;45290;45359;45296;45512;45367;45533;46348;45346;45422;45583;45376
SRR013221.fastq;44513;44674;44475;44492;44546;44662;44613;44591;44477;44465;44540;44599;44667;44520;44529;44498;44480;44496;44614;44515;44572;44799;44478;44507;44606;44505
SRR013226.fastq;30499;30640;30412;30477;30537;30707;30567;30594;30468;30395;30479;30570;30597;30489;30473;30465;30400;30454;30629;30482;30503;30722;30416;30459;30604;30457
SRR013214.fastq;39772;40064;39675;39743;39799;40162;39991;40092;39774;39619;39766;40002;40138;39805;39869;39677;39687;39697;40041;39778;39896;40465;39692;39762;39971;39780
SRR013220.fastq;35945;36228;35849;35922;35947;36272;36088;36266;35937;35848;35949;36138;36469;36004;36115;35984;35889;35915;36269;35976;36009;36518;35853;35927;36208;35975
SRR013205.fastq;35232;35347;35156;35225;35259;35376;35250;35290;35206;35127;35223;35298;35395;35275;35245;35321;35203;35217;35357;35255;35288;35466;35174;35211;35319;35236
SRR013229.fastq;32944;33126;32857;32928;32965;33258;33021;33170;32933;32827;32942;33151;33294;32968;32949;32934;32879;32881;33085;32922;32977;33456;32835;32886;33123;32914
SRR013200.fastq;32146;32306;32051;32111;32148;32280;32189;32242;32132;32063;32154;32252;32245;32127;32161;32157;32098;32094;32194;32108;32137;32322;32050;32113;32193;32117
SRR013202.fastq;37522;37667;37488;37496;37548;37669;37546;37554;37451;37413;37482;37545;37664;37545;37470;37540;37443;37419;37562;37478;37540;37654;37467;37500;37585;37512
SRR013246.fastq;38340;38502;38266;38311;38331;38463;38402;38405;38286;38280;38347;38449;38378;38298;38299;38318;38297;38253;38336;38283;38361;38547;38256;38319;38311;38250
SRR013249.fastq;33741;34313;33616;33696;33795;34479;34036;33821;33602;33613;33790;34267;33944;33623;33678;33588;33631;33546;33820;33576;33780;34572;33570;33684;33766;33599
SRR013237.fastq;32957;33723;32733;32964;33230;34052;33185;32875;32621;32654;33080;33778;32969;32677;32684;32452;32794;32613;32903;32672;33270;34159;32693;32936;32850;32639
SRR013201.fastq;30699;30915;30637;30689;30690;31006;30786;30907;30687;30588;30703;30815;30947;30736;30746;30673;30620;30623;30836;30707;30776;31166;30618;30668;30894;30705
SRR013240.fastq;13854;13915;13861;13826;13887;13924;13882;13878;13855;13848;13871;13912;13884;13851;13836;13887;13848;13820;13867;13809;13870;13937;13824;13837;13881;13857
SRR013223.fastq;39429;39604;39395;39419;39446;39615;39458;39448;39337;39369;39448;39565;39489;39377;39355;39371;39375;39358;39416;39371;39457;39672;39371;39417;39400;39355
SRR013234.fastq;31736;31949;31684;31724;31792;32157;31841;31953;31732;31665;31746;31946;32063;31780;31824;31725;31700;31699;31962;31734;31829;32375;31703;31760;31887;31718
SRR013244.fastq;35357;35769;35309;35322;35416;35842;35513;35501;35340;35280;35400;35586;35672;35349;35394;35300;35330;35293;35460;35316;35433;35916;35289;35339;35491;35315
SRR013208.fastq;53376;53621;53320;53406;53474;53831;53450;53568;53380;53278;53398;53615;53814;53441;53388;53368;53335;53315;53515;53364;53458;53934;53331;53387;53526;53357
SRR013241.fastq;28269;28468;28202;28235;28281;28540;28330;28417;28253;28188;28233;28346;28605;28290;28355;28282;28221;28223;28445;28259;28295;28595;28209;28259;28452;28267
SRR013204.fastq;32020;32249;31953;32041;32072;32364;32101;32058;31946;31964;32052;32253;32125;31969;32001;31929;31991;31897;32031;31941;32142;32377;31960;32032;32049;31936
SRR013225.fastq;35820;35957;35767;35827;35846;36086;35862;35893;35755;35747;35872;36077;35885;35773;35792;35778;35790;35748;35840;35776;35881;36102;35761;35812;35844;35767
SRR013243.fastq;32477;32627;32423;32459;32502;32643;32485;32574;32457;32414;32498;32629;32666;32482;32526;32464;32456;32445;32658;32533;32496;32696;32428;32476;32545;32461
SRR013245.fastq;29114;29473;29019;29049;29167;29541;29219;29135;29021;29010;29131;29360;29230;29024;29103;29021;29044;28962;29104;29003;29179;29717;29021;29076;29102;29016
SRR013210.fastq;48086;48574;48019;48064;48189;48869;48280;48298;48050;47985;48104;48480;48446;48074;48168;47996;48024;48000;48234;48036;48192;48976;48004;48100;48179;48011
SRR013224.fastq;29187;29408;29142;29198;29298;29507;29280;29212;29134;29140;29271;29389;29291;29153;29165;29075;29173;29131;29284;29173;29275;29536;29130;29222;29228;29152
SRR013209.fastq;50210;50743;50114;50165;50267;50850;50284;50511;50182;50087;50208;50536;50619;50213;50298;50134;50145;50107;50438;50161;50257;50779;50085;50135;50339;50148
SRR013239.fastq;32738;32872;32685;32734;32784;32977;32832;32850;32698;32663;32742;32881;32875;32730;32679;32720;32689;32674;32819;32717;32774;33018;32662;32714;32779;32704
SRR013206.fastq;38081;38218;38017;38055;38065;38234;38147;38158;38029;37985;38044;38146;38196;38078;38067;38151;38020;38025;38187;38095;38111;38248;37981;38039;38118;38026
SRR013238.fastq;32926;33116;32861;32896;32966;33222;32984;32936;32837;32842;32929;33114;32981;32865;32853;32845;32878;32813;32956;32855;32980;33291;32831;32900;32916;32836
SRR013232.fastq;33210;33320;33167;33238;33265;33391;33271;33431;33230;33119;33213;33330;33462;33255;33278;33283;33182;33204;33347;33244;33283;33546;33187;33225;33317;33220
SRR013228.fastq;36875;37053;36772;36863;36938;37232;36961;37009;36840;36738;36850;37003;37092;36882;36901;36823;36798;36795;36994;36844;36934;37190;36780;36840;37035;36834
SRR013222.fastq;40610;40727;40545;40596;40636;40750;40688;40765;40607;40569;40652;40710;40808;40612;40621;40604;40587;40582;40694;40629;40665;40836;40573;40620;40698;40594
SRR013203.fastq;38440;38814;38371;38408;38506;39064;38625;38722;38436;38316;38479;38656;38940;38510;38567;38384;38356;38378;38695;38411;38495;39060;38368;38415;38710;38456
SRR013233.fastq;33078;33185;33019;33050;33110;33228;33113;33208;33082;32979;33085;33170;33351;33128;33123;33183;33013;33053;33201;33104;33121;33331;33017;33046;33212;33096
SRR013212.fastq;33243;33589;33135;33176;33246;33597;33271;33692;33273;33134;33231;33415;33797;33282;33343;33182;33145;33215;33665;33263;33297;33780;33128;33198;33417;33240
SRR013217.fastq;36360;36583;36300;36347;36378;36670;36491;36602;36352;36229;36364;36490;36622;36394;36466;36382;36313;36326;36509;36355;36461;37004;36278;36363;36453;36342
SRR013215.fastq;36186;36532;36054;36117;36176;36534;36404;36582;36179;36044;36182;36397;36584;36207;36222;36126;36087;36076;36314;36144;36235;36894;36087;36137;36346;36140
