accession;TCCATx2;TCCATx3;CATTCx2;CATTCx3;ATGGAx2;ATTCCx4;TGGAAx4;TGGAAx3;TGGAAx2;ATTCCx2;ATTCCx3;CATTCx4;CCATTx2;GAATGx4;AATGGx3;AATGGx2;AATGGx4;GGAATx4;GGAATx3;GGAATx2;TTCCAx3;GAATGx3;GAATGx2;TTCCAx2
SRR7171680.fastq;14725;13916;14081;13790;13857;14991;14737;15976;15789;16341;14968;14145;12301;15725;14882;17151;15241;15387;14168;14377;14732;15376;15857;15233
SRR7171678.fastq;14622;13666;13548;12902;15058;14280;16140;15676;16218;14878;14940;13994;13750;16488;16140;16072;15830;14816;14086;14748;14888;14844;15374;14246
SRR7171682.fastq;21735;20276;20823;20956;22289;21957;22177;21900;22025;22177;21832;20305;18047;23341;22830;22979;22105;21721;20568;20607;21966;22388;23485;22353
SRR7171675.fastq;42589;39775;45293;44715;45443;47071;43705;45687;44817;44715;45319;45891;44581;45241;43161;43025;42181;43925;39575;40419;42643;40291;43601;44315
ERR1602651.fastq;246472;192628;232240;194672;224092;202501;193315;210540;255052;284740;217684;190321;209154;203091;220976;305702;204931;200331;207324;259692;193984;213458;275704;235080
SRR7171668.fastq;78145;78228;77799;78354;76305;80828;80684;80164;79565;79337;79734;80350;74239;80532;79242;79465;80402;79612;77588;76951;79554;78468;78479;79385
ERR251402.fastq;828900;648199;764640;660341;747744;735490;646570;697353;809188;982720;767627;663216;735804;668742;704783;928758;656152;676148;665913;776354;658891;683563;834074;761976
ERR1602656.fastq;255647;202871;239649;206365;235393;216561;207187;227411;271561;302435;235137;203141;217165;218891;234663;322135;219735;214511;221745;272989;207601;228183;284471;246943
SRR7171662.fastq;16138;15661;16212;15843;15888;17291;16337;16709;17110;17892;17077;16109;14572;17741;16349;18660;17413;16255;16103;16184;16441;16845;17760;16952
ERR1602666.fastq;164411;130964;161051;136406;155295;140711;135441;150260;181643;191353;151702;131763;140145;140287;154016;207077;140299;138299;144184;173403;133100;149378;188997;159003
ERR251347.fastq;808226;649836;751292;666734;737272;740372;649802;694918;804048;978954;777936;672018;729306;679442;710038;925770;665230;687580;675264;792972;661796;683306;793196;755046
SRR7171677.fastq;78683;78932;78345;79248;76719;81773;81645;80474;79839;80351;80684;81041;73775;81351;80404;80569;81517;80707;78290;77727;80746;79430;79153;80133
ERR251379.fastq;1130578;917986;1052966;935518;1028224;1037354;908686;969146;1125106;1372216;1093934;948896;1020690;959624;993826;1301298;946376;970048;951220;1133152;934536;954010;1084420;1075636
SRR7171666.fastq;48832;48098;51858;50958;50278;50168;55094;54466;53800;52214;52532;53388;43376;54420;54116;55060;54772;53158;52418;51406;49436;51070;51734;51970
ERR251346.fastq;830436;651551;764478;662337;751992;742458;649614;695463;805744;987688;776477;668454;737944;679724;710011;936718;662994;682846;673373;788582;663163;690019;835494;764298
ERR251404.fastq;940107;758450;877589;773844;855117;855548;757078;811918;946379;1138165;902302;779968;842875;789288;822624;1079425;780614;794834;784924;930093;775710;788648;910027;894287
ERR251327.fastq;530465;431835;501989;440721;484747;486924;433942;467607;546831;646683;515797;441488;479893;446224;468093;601807;442420;449878;447711;530707;441167;449311;521087;507161
ERR251377.fastq;846842;647262;787148;660898;741442;722794;641892;692414;814936;975098;757920;659952;734800;667488;692952;920854;656628;669602;660104;787892;655766;677564;840014;774402
ERR1602661.fastq;243461;189569;229705;191175;219679;197416;188518;206039;247867;279137;214161;187456;205759;201584;217683;300291;200962;196886;204469;257777;190035;211141;273141;229357
SRR7171663.fastq;49934;49035;50806;50665;51220;52695;55171;54053;54300;52962;52479;56985;43312;53331;52589;53802;53189;54599;52183;52038;53783;52057;53564;52698
ERR1602667.fastq;210938;162636;198416;163702;187222;167626;162388;180430;219882;241124;184030;158432;176332;170824;184156;253980;169744;165938;175188;217352;161974;182094;237662;198234
ERR1602655.fastq;216835;166685;204691;169317;191449;172915;167639;184983;226911;247473;189137;163879;182365;175059;189631;261229;174361;170521;180111;224205;166289;186551;244937;203607
ERR251380.fastq;1123183;911568;1045623;929344;1023333;1026978;903174;967092;1120659;1361937;1089644;944116;1016123;957224;988956;1294683;940826;963124;943878;1127247;928744;952186;1079575;1069809
SRR7171683.fastq;19891;18879;19345;18931;21373;19887;20015;21627;21593;20519;19685;20483;17507;20285;19821;21027;19815;19249;19411;19023;20083;19639;20329;20127
ERR1602658.fastq;271093;207444;249155;208000;242065;217555;206729;226524;271883;307545;233580;204627;225687;218619;236914;329941;219287;215439;222392;278583;206376;229930;300961;248837
ERR1602660.fastq;234610;176729;220844;179137;203768;181955;174961;191465;236356;265822;196533;173581;194774;184635;199313;277984;183767;179555;188357;239984;175469;196605;265302;219296
SRR7171665.fastq;53334;52942;52964;54160;53086;57167;56455;56716;54654;55954;55542;55867;50850;56995;54524;55426;57087;56383;53926;54084;54970;55778;54168;55056
ERR1602650.fastq;234297;183353;220303;184857;212161;191467;184435;202073;244465;271851;207869;180563;197017;194343;210521;289493;194623;190685;197769;247655;184681;203107;260153;224371
ERR251403.fastq;937398;750688;872802;769120;855552;845994;747002;805436;938898;1134656;899414;771798;841854;779606;817158;1077146;772986;784966;779262;928388;769416;783718;907120;892222
ERR251325.fastq;821353;655438;763911;667174;739191;739017;647041;695684;812535;989879;783310;669925;731291;677459;710956;929975;669799;683809;678442;809223;666616;681800;798007;774831
ERR1602664.fastq;271923;211109;256927;215389;246819;222229;212183;233655;280633;309395;237581;210343;225559;223849;243207;336109;224385;220691;227891;282057;213751;236479;307243;257865
ERR1602649.fastq;247744;192394;234948;195266;221906;201329;192805;210880;253250;284810;217078;191193;209264;206229;219952;305248;204673;200739;207350;261082;192750;214470;276484;232790
SRR7171664.fastq;56834;55094;56360;55854;55320;58754;57290;57236;57650;60272;58204;57476;52692;58340;57786;61054;58060;56606;55522;56048;56960;56910;58356;58414
ERR1602663.fastq;239993;185769;222795;187417;215827;194202;186270;203979;246627;275651;209895;183146;200517;195950;213359;294095;196932;192926;200255;249901;186407;207099;269107;225753
ERR251342.fastq;809277;649566;757403;664784;744893;739729;649003;691956;806121;980687;779790;668007;727083;676513;707636;925149;662821;681601;670428;788293;662992;684934;812915;763951
SRR7171674.fastq;81283;81223;80641;82001;79211;84585;83989;83381;82257;83055;83053;83529;77445;83847;82611;83327;84143;83307;80845;80469;83113;81681;81419;82825
ERR1602653.fastq;165492;131959;155594;135287;154384;142141;136145;150743;179982;193810;154399;131145;140698;140283;153723;206352;141661;139967;145393;174392;133975;148075;185102;157520
ERR251401.fastq;834405;648678;769555;661688;751591;735751;647435;700162;815113;983139;770058;665249;740059;670495;705054;930733;656523;677267;669898;780063;661072;685804;832189;767369
SRR7171676.fastq;89801;73186;82445;74358;76285;86056;78642;86010;98657;115665;91462;74912;65813;81042;83946;110691;80062;74696;71200;78005;82448;78752;95665;98997
ERR1602657.fastq;253924;195824;235330;196304;227004;204277;194795;214124;259384;293280;221764;191605;211310;205915;223632;308660;207441;202301;211008;265360;194774;217528;281788;235176
ERR251326.fastq;824564;658600;768698;670928;746962;742931;651255;700286;818930;997820;787090;673791;737550;684851;716530;942952;674711;689527;685008;816370;671196;687862;806284;776860
SRR7171672.fastq;37280;36880;39326;39500;37570;39469;37287;39200;37482;40522;40758;40959;38462;41377;42168;40324;42907;41173;40666;40096;39696;38234;37964;39750
ERR251348.fastq;793624;640399;741888;657625;727910;730956;641798;687233;794278;966860;769329;662392;718698;670368;698663;915852;655762;678286;667667;782432;653605;675595;780662;745526
ERR251378.fastq;840835;644605;782941;658101;739857;719271;639711;690551;815621;972553;756957;658417;738027;665853;692655;921847;655817;666575;659357;785517;654355;677361;837801;772921
ERR251328.fastq;525527;428772;497899;437124;478729;480920;430234;462024;539395;640877;512368;436996;474899;441626;461684;594819;437100;446048;441768;524797;438972;443864;512713;504099
SRR7171661.fastq;13382;12649;12970;12407;12804;13764;14114;13399;14040;14214;13639;13284;11534;13884;14283;15430;14024;13088;12317;12880;13461;13807;14400;13972
SRR7171669.fastq;72849;72685;72559;73633;70789;76241;76023;74755;73961;74139;74427;75501;68845;75581;74541;74631;75851;74925;72431;71905;75025;73259;73235;74385
ERR1602654.fastq;170036;135370;166778;142428;160688;146410;141066;155640;187726;198672;157942;137344;144768;145502;159286;214918;145246;143672;150070;179178;138310;155716;193806;162914
ERR1602668.fastq;249070;198382;234846;201250;229592;210566;201232;221270;263908;293802;228100;197720;212068;212800;230184;314474;213690;209196;216722;266564;202676;221432;276302;241582
ERR251344.fastq;648325;531231;624969;549863;595591;601093;537733;579929;680197;800015;642191;542701;593831;550219;575589;738105;535585;553629;552505;644747;544903;565277;661233;630551
ERR251329.fastq;745328;599576;694616;608468;677248;674000;596208;637370;747206;903684;714066;610666;663254;619198;648474;850528;617884;622576;619346;735754;609922;624886;729562;707088
ERR251343.fastq;658810;539087;633378;559007;606800;608587;545597;589187;687746;814238;650839;552075;604450;557831;585775;750118;545209;561379;563181;655204;554747;572689;671722;637422
ERR1602652.fastq;279267;216205;265277;221947;254711;227295;218121;239133;287829;316507;243965;216733;232927;229767;249163;344287;229973;226333;233057;287099;217969;242753;312123;263909
SRR7171671.fastq;41976;37394;37770;38272;39868;42967;38863;39538;39468;42380;42642;39149;38064;42731;40746;42930;44965;41597;40536;39568;40324;42108;41494;40372
SRR7171667.fastq;75979;76045;76063;76805;74143;78879;78931;77607;77003;77079;77405;78439;72601;78535;77301;77479;78749;78075;75997;75117;77533;76463;76247;76945
SRR7171673.fastq;77968;77953;77306;78433;75952;80735;80681;79895;79150;79478;79477;80089;73290;80611;79553;79722;80483;79959;77637;77146;79965;78591;78398;79010
ERR251345.fastq;819354;642641;753922;655093;743020;732421;642551;690065;799810;976656;766387;659929;729700;668711;703943;931162;655907;674307;667499;778866;657513;679995;818352;755954
SRR7171679.fastq;12576;12722;13142;12100;13618;14631;12889;12862;13090;13396;13242;12665;11094;13347;12630;13682;13757;14099;13436;13354;12964;13158;13302;12604
SRR7171670.fastq;79926;80408;79686;80662;78228;83866;83216;82270;80856;81504;81812;82582;75894;83434;81348;81368;83312;82334;79798;78678;82010;80794;80260;81434
ERR1602662.fastq;228162;177428;213884;178178;206378;186387;177857;195292;236290;264882;201490;174811;190952;187655;203694;279806;187865;184461;192586;241542;179866;196954;252026;218766
ERR1602665.fastq;159704;127409;152192;132405;151864;139154;133108;148845;178250;189452;151859;127600;137274;137364;151169;202928;137638;136194;141545;169876;131365;146813;182628;154688
ERR1602659.fastq;207358;168463;199832;175173;197876;182988;173844;192667;227042;246504;197073;171302;183320;183146;200031;268870;183262;183098;190309;228482;171049;193845;235682;198758
