accession;AATGGx3;AATGGx2;AATGGx7;AATGGx6;AATGGx5;AATGGx4;GGAATx6;GGAATx5;GGAATx4;GGAATx3;GGAATx2;ATGGAx4;ATGGAx3;ATGGAx2;TCCATx2;TCCATx3;TCCATx4;TGGAAx7;ATTCCx5;TGGAAx5;ATTCCx4;ATTCCx6;TGGAAx4;TGGAAx3;TGGAAx2;ATTCCx2;ATTCCx3;ATTCCx8;CCATTx2;CATTCx4;CATTCx5;CATTCx2;CATTCx3;ATTCCx7;GAATGx3;GAATGx2;GAATGx5;GAATGx4;GAATGx7;GAATGx6;TTCCAx2;TTCCAx3;TTCCAx4;TTCCAx5;TTCCAx6
SRR7171680.fastq;19084;30924;15784;16724;17158;19084;15701;15679;19417;16963;18761;15214;15565;17074;19846;16358;15041;15650;16551;16034;18350;16340;17348;23641;24511;27003;19385;16201;14405;16085;15073;17807;16115;15488;20899;24722;18462;20849;14829;16663;21989;18731;16903;15761;14881
SRR7171678.fastq;20655;22195;15689;14681;15072;18100;14649;14606;15675;15317;17335;14563;16451;18179;16884;14977;14937;16364;15382;15455;15113;15001;19123;19041;22746;17637;16594;14746;15348;14916;14542;15213;14508;14684;16462;19232;15113;20505;16323;15309;16237;16503;15867;15350;14325
SRR7171682.fastq;25798;29051;21320;21288;24263;22673;21111;21350;22257;21759;22460;21077;23165;26109;24843;21554;21882;21015;22084;22431;22431;21320;22784;23658;25536;25798;23567;21228;20945;21193;21762;22783;22195;21589;24843;31332;22115;25337;20736;21761;26170;23739;23891;23368;22351
SRR7171675.fastq;43986;44867;43956;43406;43587;43403;43342;43418;43810;43191;43583;43105;45424;47656;44643;43213;43148;43016;44010;45184;45838;43408;43688;45858;46492;46471;45485;44608;46290;44828;43214;47395;44910;43421;43338;45302;43832;44512;43083;43364;45938;43851;43986;43299;43258
ERR1602651.fastq;491987;926605;236905;255004;299103;400692;245449;277546;377769;423842;696632;274994;331783;518747;630580;350535;287228;223858;293591;279677;388590;263375;342785;439903;673451;821824;475546;229873;444153;327863;251651;559468;360707;243277;454445;776663;285088;391521;225940;245860;573639;357296;299041;248080;221606
SRR7171668.fastq;80929;88510;76288;76743;77954;79153;75888;76378;77861;77517;79693;75958;76285;78454;83453;78507;77407;76797;78115;78971;80407;77571;79906;84215;88781;88308;82503;76746;75630;79122;76580;82161;78918;76796;79050;84685;77591;79584;75930;76540;88329;82051;80468;78508;76947
ERR251402.fastq;1457974;2636934;717150;777677;917388;1155675;802530;878255;1255281;1263811;1875170;907746;1065350;1732366;2137772;1175625;970499;688957;1100823;885206;1551676;952770;1107834;1420893;2039271;2906685;1771948;781960;1672735;1190867;839511;1816659;1236079;829932;1352002;2163573;868934;1218438;672234;742553;1803398;1228898;1104403;861472;715118
ERR1602656.fastq;527284;976213;256474;275032;320219;440950;266567;302164;414907;462771;730560;297482;356100;542705;643898;368622;311697;242527;322860;306876;425128;284283;378354;491072;723449;877742;529625;247502;451709;358172;270850;563956;386044;264596;494913;787941;310377;436749;244569;268449;600407;392195;330740;270749;237244
SRR7171662.fastq;19504;30669;17168;17632;17703;21714;16902;16849;18317;18979;20116;16207;16806;19341;20025;17752;16859;16749;18860;17337;21243;20222;18578;20470;23346;26968;21744;17057;16693;17865;17469;20117;18245;16954;21001;26447;17065;22937;16057;17004;22834;19825;19364;19272;16625
ERR1602666.fastq;364669;637427;173217;186225;217783;288603;182402;202727;278631;315575;469123;207697;245684;378639;424172;249616;209128;167842;219484;212131;290644;196247;264379;345917;510304;558826;353118;170816;302983;246036;188735;407391;276779;179750;341526;547055;212242;288562;167071;182171;397170;260277;226424;184173;164089
ERR251347.fastq;1492299;2629819;740415;804172;942403;1209281;827685;899350;1320647;1318685;1966075;930511;1076565;1687831;2042158;1191919;1002974;699711;1120738;899119;1584361;987115;1132328;1416758;2021337;2895670;1831415;806345;1648060;1243152;849115;1757872;1276153;857878;1358767;1967136;895818;1280085;691219;762748;1776573;1251532;1132799;877107;726643
SRR7171677.fastq;82352;89433;77003;77543;78195;80167;76760;77046;78846;77997;79954;76532;76838;78141;82493;78976;78082;77567;79029;79030;80949;78567;80558;82453;86530;88592;82756;77444;75861;79281;77544;81799;79311;77890;79723;83349;78031;79835;76628;77045;87751;82817;81110;79171;77847
ERR251379.fastq;2068857;3688657;1029463;1126671;1315291;1748959;1153813;1260198;1866725;1856223;2848026;1294529;1497882;2324089;2835255;1690647;1412242;956358;1561307;1250747;2202859;1360113;1560905;1945556;2807994;4043148;2568793;1127314;2286518;1761460;1179673;2447700;1777911;1188846;1869975;2604663;1248286;1814803;954857;1069619;2560941;1773100;1577257;1238185;1007241
SRR7171666.fastq;54016;63662;51962;50475;51705;52899;52900;50473;51826;52523;52928;50996;51500;52129;51357;50836;50679;51311;51227;52213;50870;51126;53431;54688;58440;53744;52554;51075;50458;51898;50860;53571;51681;50464;51702;53490;51806;52756;51198;50915;53592;51068;50924;50656;50767
ERR251346.fastq;1466716;2659476;722402;780679;910569;1172337;804661;880807;1271133;1283763;1919112;911009;1067742;1736468;2128224;1175117;990771;683307;1092885;878926;1568808;947822;1105585;1394055;2004843;2914247;1798661;787122;1666307;1199479;831903;1798661;1228889;830394;1366914;2153435;885038;1255602;678006;749186;1797919;1232940;1110426;863094;719090
ERR251404.fastq;1714542;3066972;855961;928466;1095336;1435835;950508;1041803;1506629;1526279;2320549;1077024;1238458;1946054;2370540;1394452;1168947;802283;1290201;1054284;1809804;1122588;1318392;1661091;2401821;3360593;2112547;922597;1884923;1432684;982288;2058345;1471185;984411;1544820;2220298;1031871;1479047;789092;881802;2141677;1480367;1311651;1026170;843046
ERR251327.fastq;989414;1696804;494840;527426;619677;822097;543950;600413;859201;887641;1341402;622417;726660;1111876;1340231;808584;675939;473907;742413;618246;1044196;639400;779844;987033;1421973;1921145;1227660;536541;1087655;817476;568531;1198037;852828;566392;895592;1293390;600554;841068;463494;509793;1223858;855019;751833;590082;487098
ERR251377.fastq;1411579;2609639;713146;766342;899453;1171340;780014;855178;1235875;1247615;1945105;892181;1045325;1713131;2239648;1183740;983784;679511;1061418;874251;1501421;915375;1097729;1408958;2080256;2880790;1736153;770905;1679990;1187832;840046;1941454;1251516;811827;1334777;2205577;871700;1225443;667338;741269;1877793;1226063;1076088;847867;705413
ERR1602661.fastq;489010;912868;234358;253047;291486;394554;245703;274970;374212;423055;700365;269337;327836;509980;628823;348708;289082;222381;290005;273769;376843;257198;332458;430886;650834;807117;471429;228347;440466;327196;249334;560072;356690;240491;456348;777156;285371;397635;227164;246684;558351;351019;289433;244821;219409
SRR7171663.fastq;53610;58545;52026;51217;51963;52874;51933;51279;53975;53197;54586;51067;51043;53740;52710;51501;52055;51409;52259;51597;52560;52735;54679;55530;59957;55962;53599;51495;50932;58888;50914;53287;52095;51114;53106;57894;53107;53035;51588;51303;55720;54719;52289;51429;50947
ERR1602664.fastq;539531;1016129;256369;275688;324876;433246;268634;299189;414853;463076;745946;301129;361456;569891;695324;379359;314753;243743;317995;304451;422524;284909;372429;491848;738855;882578;511420;249719;463726;363248;274996;620402;400701;265673;505939;871847;310093;430595;249056;267793;625063;392540;328286;271375;241761
ERR1602667.fastq;416419;774677;199107;212734;247751;335193;209272;232947;316201;371684;591613;235347;284195;441039;559562;309038;252343;195856;248032;242590;324622;220727;298527;397856;604244;710416;415808;195686;386694;278795;215854;496971;314349;205089;406157;693125;242329;340574;192481;208711;496080;305747;254104;212472;188178
ERR1602655.fastq;430364;797762;207383;220239;258877;344558;215945;243023;325415;382859;612718;242421;290849;449024;575887;315853;259287;200809;257986;251745;337347;228212;311072;407181;626229;729001;427913;203052;403699;292291;223579;515186;328965;210644;415002;716340;250904;348029;199646;217226;509785;313892;263919;217296;195033
ERR251380.fastq;2062993;3673383;1024169;1117757;1303207;1740395;1141109;1253904;1851291;1837999;2836302;1277255;1487778;2317425;2816081;1677043;1407108;948714;1554053;1244623;2170165;1350169;1552531;1953772;2803560;4009554;2565839;1120590;2281474;1756746;1175089;2428776;1765527;1186622;1879341;2598239;1241362;1821989;948043;1059874;2549607;1762626;1572453;1227371;1008937
SRR7171683.fastq;22316;28546;19650;21289;20896;21409;19060;19494;20650;21650;21981;19430;23641;29579;24011;20832;20681;20168;21107;20713;21530;20135;21712;28578;30450;26235;22104;19926;19708;22439;22471;22436;20863;20259;22103;25514;20500;22136;19372;19219;24733;22710;21318;20348;19494
ERR1602658.fastq;519603;996591;249951;267549;314739;419538;262107;291383;400375;447128;739878;289140;352499;557423;702486;372552;310136;236754;309686;289922;410926;276811;356931;467759;706407;884640;502962;244230;475639;346479;263287;592825;375303;257984;484741;851749;299334;416217;238196;259524;591254;367231;310697;260515;232551
ERR1602660.fastq;442555;845913;212263;226800;263388;354779;220535;251124;333786;387880;655980;244962;299670;475015;629158;329874;269950;206388;261506;255905;345738;232552;310883;403401;637859;785132;428722;207301;430083;304002;231650;560347;341866;218175;429053;782551;262557;359100;207791;223097;552626;323593;269059;225687;200524
SRR7171665.fastq;54430;60201;52657;53279;54311;55559;52299;53571;54472;53873;56263;52244;53954;54753;55295;53121;52776;52479;53560;53754;55610;53248;54483;58430;58076;62492;56040;54283;52956;53976;53124;54492;53996;53675;56173;56344;52990;55448;52333;52560;58690;54915;56092;53299;52406
ERR1602650.fastq;478484;883792;232933;251501;290609;388499;242887;270703;368866;414829;674659;268561;319090;497284;607907;342882;287326;221807;287908;277414;372757;254932;337692;436311;658728;795601;465243;225172;421669;318370;245168;537975;350364;238344;441462;737130;278285;387118;223498;240025;558296;349503;296219;244917;218464
ERR251403.fastq;1713662;3068082;850798;925397;1087886;1438085;947208;1040553;1497669;1524419;2324529;1081134;1242298;1960744;2369500;1382102;1160977;796703;1290091;1039252;1802414;1118258;1308402;1655131;2376921;3355553;2124547;921817;1892333;1432224;981699;2046915;1473946;978490;1546620;2218268;1035751;1471106;787912;878242;2143857;1475347;1306521;1015180;835436
ERR251325.fastq;1495756;2638496;745332;802709;946670;1242208;825322;905766;1311973;1333363;2034913;936968;1082842;1685038;2095445;1218746;1019251;706108;1135157;917328;1587718;974662;1128595;1419455;2051414;2937957;1857241;809012;1645597;1242779;864053;1808589;1277200;852094;1350094;1978892;904855;1280282;692396;768756;1863071;1274469;1127324;894954;735080
ERR251329.fastq;1345938;2410558;682566;734111;867792;1138451;741953;814667;1161675;1200475;1836865;853480;986194;1544640;1884676;1102058;925023;639789;1017068;825660;1418490;879144;1030258;1290477;1894007;2676269;1673593;735134;1474729;1102430;776235;1631421;1146272;773056;1228116;1805964;820358;1144962;633338;700168;1693663;1153483;1012156;799696;662212
ERR1602649.fastq;492388;929876;242147;259074;301134;404942;252751;280637;385310;429483;709113;276755;329973;513338;642461;354856;294238;228780;296402;283418;388241;264506;345726;447114;669972;827715;478037;233964;450214;337685;255942;578510;369168;247339;465026;786104;294530;412693;233491;253582;567739;356617;300312;252659;224446
SRR7171664.fastq;69204;90690;57387;59413;61710;65607;54543;57304;60216;60797;67370;56728;59833;64923;70614;59681;57575;54930;62173;59301;68053;60027;62443;67140;74356;86949;70956;59153;56575;63204;57153;68592;61940;58610;66027;77717;59724;66490;56387;56771;77828;66108;65306;58919;56115
ERR1602663.fastq;477738;891996;228916;244324;286954;384963;239452;268358;365010;412343;671093;265105;319634;500848;621601;340076;280140;216760;284752;265857;371361;249726;331816;430915;654752;799795;460447;220494;424413;316244;243632;535659;348268;233968;446486;767104;272079;380082;218012;237340;550430;343237;286652;239370;213207
ERR251342.fastq;1473229;2619679;733275;792972;937273;1190121;808175;882019;1283676;1287396;1935685;932041;1071515;1718961;2040467;1183569;990974;692161;1107608;893031;1573971;965315;1121238;1394898;2024756;2897300;1833585;794585;1629980;1215982;839525;1781442;1259314;847008;1359857;2058578;888120;1258374;683969;753869;1814113;1250492;1122489;875987;720623
SRR7171674.fastq;84130;93942;80148;80279;80833;83277;79418;79672;81627;80599;83696;78764;79334;80942;85495;81224;80478;79613;82183;81769;84232;80945;82766;85958;89608;92841;85334;79582;78925;81980;79854;84048;82594;80674;82000;85926;80540;82554;79266;79601;91940;85375;83859;81930;80208
SRR7171661.fastq;22058;29112;14230;15721;15721;19365;13339;13739;15761;14449;17586;13706;14012;17285;19484;15576;14155;14412;15639;15167;18371;13953;19657;18329;22389;23190;19223;14108;13541;16435;13750;17967;14741;14644;19757;24041;14954;18823;13382;16304;22128;18481;16434;16807;13739
ERR251401.fastq;1460632;2648182;716847;783076;921266;1158753;808258;884443;1262099;1285039;1895078;913194;1081318;1752974;2166601;1179313;984567;687513;1104511;886694;1554204;963738;1113441;1436231;2070269;2910153;1785396;775777;1695373;1202255;842509;1842607;1244107;821470;1364500;2155590;870890;1228426;665200;751581;1831736;1241096;1119662;870931;719517
SRR7171676.fastq;179674;320131;97437;104461;124160;153478;88897;96343;126911;116684;157149;93839;109740;148695;215866;126429;115234;94213;138186;121017;183156;122470;146456;189916;260039;344972;217108;105864;97221;127913;101658;179242;132143;111465;153928;245118;112494;158232;86806;96343;261700;172252;154350;121998;98017
ERR1602657.fastq;505652;941930;244821;260698;306438;413487;255915;286901;387844;442627;725487;280629;340968;533812;668345;366831;300984;234184;303216;287972;397705;271130;350400;458169;695626;865049;496331;237758;455437;334488;258256;575404;369212;252423;475170;807608;292443;405876;236856;253774;574653;361600;304626;256715;226198
ERR251326.fastq;1510640;2690840;760819;818454;956024;1253273;834686;915421;1327127;1353207;2058107;948852;1096066;1711362;2098959;1221570;1019115;707471;1137701;923962;1593852;987116;1136229;1429479;2070848;2965121;1863086;815785;1664361;1248732;863337;1819983;1283033;863018;1367418;2007736;914990;1303806;699350;780610;1860734;1284314;1131058;899858;738294
SRR7171672.fastq;44699;43393;38856;38683;39874;44007;38658;39067;40635;41609;42702;38917;39000;39790;39667;39022;38724;38592;39587;39129;39628;38856;38875;40016;39789;43944;41630;39336;40269;40453;38771;41057;40199;39233;39606;39994;39566;40777;38660;39151;41850;40291;44368;39915;40516
ERR251348.fastq;1463153;2607273;730669;788956;939977;1190355;813299;897115;1302660;1308370;1940360;917825;1054568;1668065;1996261;1172463;983018;687785;1122044;895424;1565695;964159;1120722;1406072;1999472;2862254;1816109;789479;1622074;1223446;845969;1737896;1258347;847792;1347941;1931579;890633;1263129;677593;755332;1756027;1238306;1112361;873851;716937
ERR251378.fastq;1416316;2620686;716233;768549;898700;1173637;780751;856425;1227092;1250033;1939312;892128;1046862;1711288;2215695;1176677;980491;678589;1057255;876986;1490158;923482;1093176;1405865;2089763;2874147;1737550;769422;1702207;1186509;840833;1926501;1243822;814424;1339984;2200594;877457;1223620;667636;735855;1876470;1225230;1082765;847044;708830
ERR251328.fastq;971765;1675906;491924;527929;612479;810159;538132;589825;854772;872273;1325933;620599;712801;1095808;1329534;807606;673031;475220;737985;608918;1028858;640142;775966;973426;1398825;1906147;1224882;532363;1076707;809688;566143;1191619;849190;561294;882714;1265552;591656;832750;454865;506337;1222570;858342;748645;583204;485530
ERR1602653.fastq;363605;634164;172644;185991;220680;295830;186082;208835;287398;322012;474430;207043;244832;374456;429939;254993;212887;168229;223651;212307;298211;197164;268316;348724;502361;571463;366976;171604;306120;243382;184619;380487;271576;181918;335403;527942;214459;288959;170281;181796;390098;265054;228471;188062;164216
SRR7171669.fastq;76625;84854;71318;71458;72397;74679;70555;71164;72658;72000;74779;70209;70724;72515;77597;72314;71779;71094;72710;73272;75444;72195;74832;77217;82211;82862;76284;70803;70134;73875;72195;76625;74216;71247;73292;79059;71851;74046;70211;70524;83863;78089;74983;73415;71509
ERR1602654.fastq;375167;661065;180806;191663;225151;297220;191542;212795;289378;329153;482421;215045;253892;390037;436730;255813;216386;174600;227322;221070;303002;202595;276367;356984;525152;579844;368466;176773;310541;257785;196953;420459;291018;188139;357345;555533;218879;298481;173859;189929;401158;270485;232692;191050;168474
ERR1602668.fastq;520562;953330;247921;264688;312587;426697;261267;294171;404304;453348;713857;287819;343247;529112;626435;361869;303604;234474;310466;297223;411125;277750;364561;476069;700596;849999;510171;240800;441646;347049;260214;555363;376161;256373;476850;762518;299734;422276;237145;259334;589014;383262;319577;266728;232402
ERR251344.fastq;1200523;2061104;600601;638467;746496;952384;656400;722973;1042329;1085211;1594540;753637;884819;1348986;1612371;979185;807999;579328;904903;746957;1279256;784170;963065;1222164;1771623;2370605;1533140;651281;1340245;987797;691811;1495817;1072060;683162;1149022;1676862;730145;1025328;565025;629965;1523678;1047319;918683;710842;598529
ERR251343.fastq;1222616;2093227;607472;649979;758660;970787;667193;738836;1051352;1109764;1618883;770970;892822;1377089;1636864;989638;817262;586660;920486;755939;1286999;797923;972668;1239627;1781426;2413768;1547543;665394;1365398;1004950;704194;1509930;1088953;699815;1157245;1701365;739227;1033671;572708;638008;1530091;1067712;937586;725665;610643
ERR1602652.fastq;552016;1040014;264515;283863;332861;443611;276719;307924;425488;471621;754180;309294;371221;592346;715049;387544;320668;253168;325060;314296;430269;293214;384534;501943;757801;901143;526055;256674;483561;377623;282001;645128;416206;270417;520014;879242;318867;442600;254009;274488;638307;396335;334151;279289;247636
SRR7171671.fastq;41109;48251;40131;39950;43920;45611;40473;41255;40815;40987;41170;40388;40731;41273;44868;40105;40232;39840;42913;39906;41638;40391;40107;40627;41129;45960;43644;39985;40595;40150;39961;40512;40324;39929;42830;43845;40493;41386;40900;43225;41947;40855;40753;39948;40538
SRR7171667.fastq;78228;85031;74296;74478;75866;77405;74264;74540;75966;75560;77292;73609;74044;75428;79462;75591;74864;74644;75754;76391;77836;74977;77887;79111;83298;83459;78529;74706;73929;76711;75158;79673;77032;75222;76178;80155;74844;76972;73965;74191;83217;78960;77988;76038;75028
SRR7171673.fastq;81344;88603;76292;76970;77546;79306;76268;76342;78330;77503;79828;75777;76543;77674;82025;77987;77193;76910;78392;78464;79749;77022;79748;82237;86291;87662;81243;76386;75284;78432;76556;80080;78753;76889;79274;83348;77020;79677;76270;76073;85870;82318;79941;78310;77103
ERR251345.fastq;1460377;2655047;712713;770131;911591;1161479;789032;874879;1253094;1278384;1893873;906169;1062473;1714949;2096086;1154637;975852;672259;1102087;873047;1543279;928583;1095005;1391066;1998514;2882438;1772212;769322;1648428;1181510;825934;1769380;1216660;816895;1340795;2091145;873108;1225272;664267;737977;1779392;1228612;1102657;860576;701911
SRR7171679.fastq;13797;17742;12764;12942;13483;15393;12817;15141;16448;15614;16628;14142;17431;17551;14564;13870;13046;12722;13747;12995;18195;12983;13534;14312;15824;16709;15160;13464;12771;13327;12930;15955;13241;13298;15008;16497;13810;14514;12880;12706;14575;14554;13481;13202;12858
SRR7171670.fastq;81372;89213;77613;78008;78837;80860;77102;77215;79139;78814;80666;77296;77588;79572;83448;79552;78189;77797;79352;78918;81906;78356;80669;83680;86942;89315;82546;77939;77120;79512;78293;82826;79965;78010;80336;84540;78069;81181;76937;77755;89254;82958;81415;79806;78272
ERR1602662.fastq;464404;855052;224572;240621;282299;375109;235457;265464;358146;408959;663789;262081;313070;488074;596937;333302;277876;213336;280738;264813;367757;247722;325202;422451;637558;780451;453403;217660;411039;310010;236447;525585;337033;230934;430742;716190;268205;374078;216157;232306;549976;345454;288919;238208;211003
ERR1602665.fastq;357050;623119;170601;181407;214585;282055;179886;201520;274873;308987;457925;199658;240908;367941;407084;238477;203910;164725;218916;210414;289616;192289;259471;345449;499786;555758;360481;167869;295085;231997;179663;369562;263381;177883;335308;521657;206563;280704;163684;179403;382023;258219;222666;181837;160371
ERR1602659.fastq;466606;820503;220915;239532;280851;373040;236121;264755;372258;418091;618620;258432;306090;465714;513048;309061;261303;211297;280320;265556;371727;249723;326045;429862;611439;708692;451854;215202;393029;313373;235839;475437;342535;231317;435733;654601;268407;372479;212218;234339;470086;321953;280098;231927;205843
